userName,cohort,trial,PossibleNavigations,ExperimentPhase,UserSelectedNavMethod,TaskNumber,ActiveTask,CurrentLeverValue,CurrentTargetLeverNumber,LeverDifference,DistanceToCurrentIndicatorCube,ProximityToCurrentIndicatorCube,CurrentTargetCubeIndicator.x,CurrentTargetCubeIndicator.y,CurrentTargetCubeIndicator.z,elapsedTime,TotalDistanceTraveled,headset x,headset y,headset z,Controller (left) x,Controller (left) y,Controller (left) z,Controller (right) x,Controller (right) y,Controller (right) z,headset.euler.x,headset.euler.y,headset.euler.z,headset.InspectorRotation.x,headset.InspectorRotation.y,headset.InspectorRotation.z,leftController.euler.x,leftController.euler.y,leftController.euler.z,leftController.InspectorRotation.x,leftController.InspectorRotation.y,leftController.InspectorRotation.z,rightController.euler.x,rightController.euler.y,rightController.euler.z,rightController.InspectorRotation.x,rightController.InspectorRotation.y,rightController.InspectorRotation.z,cameraRig x,cameraRig y,cameraRig z,cameraRig.euler.x,cameraRig.euler.y,cameraRig.euler.z,cameraRig.InspectorRotation.x,cameraRig.InspectorRotation.y,cameraRig.InspectorRotation.z
R_1234567890,Experiment,Trial2,Walk,Tutorial,Walk,0,Task0,0.5036428,0.2,0.3036428,13.65245,Far,-28.057,44.482,-5.3419,0.02,0,-35.52124,43.51702,-16.73239,-35.16,43.152,-14.71,-35.16,43.152,-14.71,355.5732,236.2601,5.748641,-4.427,-123.74,5.749,0,0,0,0,0,0,0,0,0,0,0,0,-35.16,43.152,-14.71,0,0,0,0,0,0
R_1234567890,Experiment,Trial2,Walk,Tutorial,Walk,0,Task0,0.5036428,0.2,0.3036428,13.6518,Far,-28.057,44.482,-5.3419,0.460346,0,-35.52177,43.5177,-16.73132,-35.38817,43.45586,-17.11105,-35.52631,43.54059,-16.96332,355.5824,236.2339,5.722184,-4.418,-123.766,5.722,345.1843,215.3275,326.5761,-14.816,-144.673,-33.424,342.524,224.255,305.3889,-17.476,-135.745,-54.611,-35.16,43.152,-14.71,0,0,0,0,0,0
R_1234567890,Experiment,Trial2,Walk,Tutorial,Walk,0,Task0,0.5036428,0.2,0.3036428,13.6524,Far,-28.057,44.482,-5.3419,0.8201404,0,-35.52161,43.51704,-16.73209,-35.38874,43.45636,-17.10991,-35.52661,43.54059,-16.96328,355.5731,236.2339,5.741045,-4.427,-123.766,5.741,345.1875,215.3332,326.5694,-14.813,-144.667,-33.431,342.5249,224.2559,305.3804,-17.475,-135.744,-54.62,-35.16,43.152,-14.71,0,0,0,0,0,0
R_1234567890,Experiment,Trial2,Walk,Tutorial,Walk,0,Task0,0.5036428,0.2,0.3036428,13.65255,Far,-28.057,44.482,-5.3419,0.9672344,0,-35.52114,43.51697,-16.73257,-35.38803,43.45605,-17.11072,-35.52622,43.5407,-16.96324,355.5694,236.2419,5.748231,-4.431,-123.758,5.748,345.1953,215.3345,326.5785,-14.805,-144.666,-33.422,342.5018,224.2561,305.3966,-17.498,-135.744,-54.603,-35.16,43.152,-14.71,0,0,0,0,0,0
R_1234567890,Experiment,Trial2,Walk,Tutorial,Walk,0,Task0,0.5036428,0.2,0.3036428,13.65275,Far,-28.057,44.482,-5.3419,1.096283,0,-35.52134,43.51693,-16.73268,-35.38797,43.45567,-17.11137,-35.52645,43.54078,-16.96354,355.5909,236.2426,5.736442,-4.409,-123.757,5.736,345.2099,215.334,326.5643,-14.79,-144.666,-33.436,342.5169,224.258,305.4116,-17.483,-135.742,-54.588,-35.16,43.152,-14.71,0,0,0,0,0,0
R_1234567890,Experiment,Trial2,Walk,Tutorial,Walk,0,Task0,0.5036428,0.2,0.3036428,13.65261,Far,-28.057,44.482,-5.3419,1.229519,0,-35.52115,43.51682,-16.73263,-35.38703,43.45463,-17.1135,-35.5263,43.54068,-16.9632,355.5723,236.2481,5.720273,-4.428,-123.752,5.72,345.204,215.3521,326.5624,-14.796,-144.648,-33.438,342.4909,224.261,305.3978,-17.509,-135.739,-54.602,-35.16,43.152,-14.71,0,0,0,0,0,0
R_1234567890,Experiment,Trial2,Walk,Tutorial,Walk,0,Task0,0.5036428,0.2,0.3036428,13.65286,Far,-28.057,44.482,-5.3419,1.360259,0,-35.52137,43.51698,-16.7328,-35.38677,43.45427,-17.11486,-35.52652,43.5409,-16.96347,355.595,236.2355,5.727338,-4.405,-123.765,5.727,345.2075,215.3472,326.5684,-14.792,-144.653,-33.432,342.5036,224.2644,305.4046,-17.496,-135.736,-54.595,-35.16,43.152,-14.71,0,0,0,0,0,0
R_1234567890,Experiment,Trial2,Walk,Tutorial,Walk,0,Task0,0.5036428,0.2,0.3036428,13.65274,Far,-28.057,44.482,-5.3419,1.483217,0,-35.52125,43.51696,-16.73273,-35.38654,43.45409,-17.11505,-35.52648,43.54093,-16.96341,355.5888,236.2349,5.721639,-4.411,-123.765,5.722,345.1963,215.3595,326.5742,-14.804,-144.64,-33.426,342.4931,224.2694,305.4108,-17.507,-135.731,-54.589,-35.16,43.152,-14.71,0,0,0,0,0,0
R_1234567890,Experiment,Trial2,Walk,Tutorial,Walk,0,Task0,0.5036428,0.2,0.3036428,13.65269,Far,-28.057,44.482,-5.3419,1.606933,0,-35.52112,43.51675,-16.73274,-35.38692,43.4545,-17.11386,-35.52629,43.5407,-16.96325,355.5728,236.2354,5.719777,-4.427,-123.765,5.72,345.1933,215.3598,326.5699,-14.807,-144.64,-33.43,342.481,224.2636,305.4156,-17.519,-135.736,-54.584,-35.16,43.152,-14.71,0,0,0,0,0,0
R_1234567890,Experiment,Trial2,Walk,Tutorial,Walk,0,Task0,0.5036428,0.2,0.3036428,13.65242,Far,-28.057,44.482,-5.3419,1.727877,0,-35.5212,43.51682,-16.73237,-35.38686,43.45451,-17.11369,-35.52636,43.5409,-16.96321,355.5738,236.2324,5.713905,-4.426,-123.768,5.714,345.1846,215.361,326.5669,-14.815,-144.639,-33.433,342.4814,224.2666,305.4081,-17.519,-135.733,-54.592,-35.16,43.152,-14.71,0,0,0,0,0,0
R_1234567890,Experiment,Trial2,Walk,Tutorial,Walk,0,Task0,0.5036428,0.2,0.3036428,13.65253,Far,-28.057,44.482,-5.3419,1.856592,0,-35.52127,43.51686,-16.73245,-35.38688,43.45446,-17.11406,-35.52636,43.54082,-16.96328,355.5676,236.2329,5.727629,-4.432,-123.767,5.728,345.199,215.3442,326.579,-14.801,-144.656,-33.421,342.4825,224.2674,305.4173,-17.517,-135.733,-54.583,-35.16,43.152,-14.71,0,0,0,0,0,0
R_1234567890,Experiment,Trial2,Walk,Tutorial,Walk,0,Task0,0.5036428,0.2,0.3036428,13.65257,Far,-28.057,44.482,-5.3419,1.988745,0,-35.52125,43.51698,-16.73253,-35.38685,43.45467,-17.1139,-35.52636,43.541,-16.96302,355.5854,236.2311,5.726325,-4.415,-123.769,5.726,345.1859,215.3642,326.586,-14.814,-144.636,-33.414,342.4681,224.2637,305.4092,-17.532,-135.736,-54.591,-35.16,43.152,-14.71,0,0,0,0,0,0
R_1234567890,Experiment,Trial2,Walk,Tutorial,Walk,0,Task0,0.5036428,0.2,0.3036428,13.65257,Far,-28.057,44.482,-5.3419,2.12056,0,-35.52116,43.51698,-16.73259,-35.38742,43.45536,-17.11237,-35.52611,43.54078,-16.96329,355.5865,236.2173,5.719904,-4.413,-123.783,5.72,345.1783,215.3656,326.5729,-14.822,-144.634,-33.427,342.4716,224.2601,305.4289,-17.528,-135.74,-54.571,-35.16,43.152,-14.71,0,0,0,0,0,0
R_1234567890,Experiment,Trial2,Walk,Tutorial,Walk,0,Task0,0.5036428,0.2,0.3036428,13.65263,Far,-28.057,44.482,-5.3419,2.260767,0,-35.5214,43.51703,-16.7325,-35.3875,43.45517,-17.11246,-35.52645,43.54077,-16.96333,355.5934,236.2391,5.700868,-4.407,-123.761,5.701,345.1799,215.3633,326.5639,-14.82,-144.637,-33.436,342.4848,224.2727,305.4263,-17.515,-135.727,-54.574,-35.16,43.152,-14.71,0,0,0,0,0,0
R_1234567890,Experiment,Trial2,Walk,Tutorial,Walk,0,Task0,0.5036428,0.2,0.3036428,13.65241,Far,-28.057,44.482,-5.3419,2.375208,0,-35.52129,43.51715,-16.73233,-35.38714,43.45495,-17.11295,-35.5263,43.54088,-16.96334,355.582,236.2375,5.706436,-4.418,-123.762,5.706,345.1798,215.3646,326.5701,-14.82,-144.635,-33.43,342.4776,224.265,305.437,-17.522,-135.735,-54.563,-35.16,43.152,-14.71,0,0,0,0,0,0
R_1234567890,Experiment,Trial2,Walk,Tutorial,Walk,0,Task0,0.5036428,0.2,0.3036428,13.6524,Far,-28.057,44.482,-5.3419,2.495681,0,-35.52137,43.51717,-16.73226,-35.3856,43.45308,-17.11692,-35.52631,43.54073,-16.96336,355.5795,236.2466,5.714548,-4.421,-123.753,5.715,345.1887,215.3897,326.571,-14.811,-144.61,-33.429,342.468,224.2678,305.4427,-17.532,-135.732,-54.557,-35.16,43.152,-14.71,0,0,0,0,0,0
R_1234567890,Experiment,Trial2,Walk,Tutorial,Walk,0,Task0,0.5036428,0.2,0.3036428,13.65241,Far,-28.057,44.482,-5.3419,2.62101,0,-35.52134,43.51711,-16.73229,-35.38509,43.45248,-17.11825,-35.52634,43.54068,-16.96335,355.5794,236.2367,5.701602,-4.421,-123.763,5.702,345.1945,215.4011,326.5681,-14.805,-144.599,-33.432,342.4659,224.2652,305.4521,-17.534,-135.735,-54.548,-35.16,43.152,-14.71,0,0,0,0,0,0
R_1234567890,Experiment,Trial2,Walk,Tutorial,Walk,0,Task0,0.5036428,0.2,0.3036428,13.65245,Far,-28.057,44.482,-5.3419,2.745406,0,-35.52141,43.51711,-16.73229,-35.38498,43.45241,-17.11851,-35.52633,43.54082,-16.96352,355.5957,236.2245,5.689764,-4.404,-123.775,5.69,345.1961,215.4076,326.5669,-14.804,-144.592,-33.433,342.4677,224.2625,305.4473,-17.532,-135.738,-54.553,-35.16,43.152,-14.71,0,0,0,0,0,0
R_1234567890,Experiment,Trial2,Walk,Tutorial,Walk,0,Task0,0.5036428,0.2,0.3036428,13.65245,Far,-28.057,44.482,-5.3419,2.884846,0,-35.52118,43.51708,-16.73244,-35.38504,43.45277,-17.11787,-35.52634,43.54084,-16.96327,355.5934,236.2258,5.698445,-4.407,-123.774,5.698,345.1901,215.3985,326.5732,-14.81,-144.601,-33.427,342.4518,224.2623,305.4456,-17.548,-135.738,-54.554,-35.16,43.152,-14.71,0,0,0,0,0,0
R_1234567890,Experiment,Trial2,Walk,Tutorial,Walk,0,Task0,0.5036428,0.2,0.3036428,13.65223,Far,-28.057,44.482,-5.3419,3.013919,0,-35.52139,43.51714,-16.73204,-35.38523,43.4529,-17.11742,-35.5262,43.54075,-16.96331,355.5874,236.2343,5.699072,-4.413,-123.766,5.699,345.1913,215.4028,326.5782,-14.809,-144.597,-33.422,342.4452,224.2632,305.4487,-17.555,-135.737,-54.551,-35.16,43.152,-14.71,0,0,0,0,0,0
R_1234567890,Experiment,Trial2,Walk,Tutorial,Walk,0,Task0,0.5036428,0.2,0.3036428,13.65217,Far,-28.057,44.482,-5.3419,3.14889,0,-35.52151,43.51716,-16.7319,-35.38501,43.45233,-17.1186,-35.52646,43.54088,-16.96309,355.6026,236.2269,5.683869,-4.397,-123.773,5.684,345.1986,215.3982,326.5696,-14.801,-144.602,-33.43,342.447,224.2669,305.4321,-17.553,-135.733,-54.568,-35.16,43.152,-14.71,0,0,0,0,0,0
R_1234567890,Experiment,Trial2,Walk,Tutorial,Walk,0,Task0,0.5036428,0.2,0.3036428,13.65223,Far,-28.057,44.482,-5.3419,3.263919,0,-35.5216,43.51707,-16.7319,-35.38479,43.45194,-17.11934,-35.52641,43.54071,-16.96353,355.5819,236.2267,5.689111,-4.418,-123.773,5.689,345.1981,215.3897,326.5706,-14.802,-144.61,-33.429,342.4511,224.2753,305.4419,-17.549,-135.725,-54.558,-35.16,43.152,-14.71,0,0,0,0,0,0
R_1234567890,Experiment,Trial2,Walk,Tutorial,Walk,0,Task0,0.5036428,0.2,0.3036428,13.65226,Far,-28.057,44.482,-5.3419,3.381711,0,-35.52139,43.5171,-16.73208,-35.3849,43.45256,-17.11855,-35.52608,43.5408,-16.96338,355.5925,236.2251,5.701623,-4.407,-123.775,5.702,345.192,215.3724,326.5889,-14.808,-144.628,-33.411,342.4335,224.2659,305.442,-17.567,-135.734,-54.558,-35.16,43.152,-14.71,0,0,0,0,0,0
R_1234567890,Experiment,Trial2,Walk,Tutorial,Walk,0,Task0,0.5036428,0.2,0.3036428,13.65213,Far,-28.057,44.482,-5.3419,3.494753,0,-35.52155,43.51705,-16.73181,-35.38587,43.45351,-17.1161,-35.52636,43.54087,-16.96319,355.5862,236.2226,5.69556,-4.414,-123.777,5.696,345.1828,215.3781,326.5714,-14.817,-144.622,-33.429,342.4371,224.2684,305.4349,-17.563,-135.732,-54.565,-35.16,43.152,-14.71,0,0,0,0,0,0
R_1234567890,Experiment,Trial2,Walk,Tutorial,Walk,0,Task0,0.5036428,0.2,0.3036428,13.65272,Far,-28.057,44.482,-5.3419,3.639286,0,-35.52148,43.51677,-16.73253,-35.38596,43.45349,-17.1162,-35.52639,43.54084,-16.96334,355.5816,236.2181,5.70123,-4.418,-123.782,5.701,345.1922,215.381,326.5567,-14.808,-144.619,-33.443,342.4294,224.2622,305.4463,-17.571,-135.738,-54.554,-35.16,43.152,-14.71,0,0,0,0,0,0
R_1234567890,Experiment,Trial2,Walk,Tutorial,Walk,0,Task0,0.5036428,0.2,0.3036428,13.65284,Far,-28.057,44.482,-5.3419,3.774685,0,-35.52135,43.51658,-16.73275,-35.38621,43.4537,-17.11564,-35.5263,43.54084,-16.96324,355.5661,236.222,5.721419,-4.434,-123.778,5.721,345.203,215.3779,326.5597,-14.797,-144.622,-33.44,342.4153,224.2589,305.4462,-17.585,-135.741,-54.554,-35.16,43.152,-14.71,0,0,0,0,0,0
R_1234567890,Experiment,Trial2,Walk,Tutorial,Walk,0,Task0,0.5036428,0.2,0.3036428,13.65332,Far,-28.057,44.482,-5.3419,3.908192,0,-35.52116,43.51668,-16.73346,-35.38589,43.45357,-17.11634,-35.52641,43.54101,-16.96335,355.591,236.2272,5.709807,-4.409,-123.773,5.71,345.2063,215.3846,326.5594,-14.794,-144.615,-33.441,342.4272,224.2524,305.467,-17.573,-135.748,-54.533,-35.16,43.152,-14.71,0,0,0,0,0,0
R_1234567890,Experiment,Trial2,Walk,Tutorial,Walk,0,Task0,0.5036428,0.2,0.3036428,13.65304,Far,-28.057,44.482,-5.3419,4.041394,0,-35.52085,43.51649,-16.73331,-35.3858,43.45334,-17.11659,-35.52614,43.54062,-16.96337,355.5753,236.2379,5.712707,-4.425,-123.762,5.713,345.1989,215.3993,326.5591,-14.801,-144.601,-33.441,342.4117,224.2503,305.4774,-17.588,-135.75,-54.523,-35.16,43.152,-14.71,0,0,0,0,0,0
R_1234567890,Experiment,Trial2,Walk,Tutorial,Walk,0,Task0,0.5036428,0.2,0.3036428,13.65294,Far,-28.057,44.482,-5.3419,4.162814,0,-35.52093,43.51658,-16.73315,-35.38617,43.45378,-17.11546,-35.5263,43.54093,-16.96328,355.5797,236.2446,5.707047,-4.42,-123.755,5.707,345.1967,215.3957,326.5601,-14.803,-144.604,-33.44,342.4134,224.2543,305.4741,-17.587,-135.746,-54.526,-35.16,43.152,-14.71,0,0,0,0,0,0
R_1234567890,Experiment,Trial2,Walk,Tutorial,Walk,0,Task0,0.5036428,0.2,0.3036428,13.65325,Far,-28.057,44.482,-5.3419,4.285376,0,-35.52083,43.51643,-16.73357,-35.38516,43.45267,-17.11802,-35.52616,43.54083,-16.9634,355.5894,236.228,5.713402,-4.411,-123.772,5.713,345.2034,215.4036,326.5637,-14.797,-144.596,-33.436,342.4032,224.2489,305.4722,-17.597,-135.751,-54.528,-35.16,43.152,-14.71,0,0,0,0,0,0
R_1234567890,Experiment,Trial2,Walk,Tutorial,Walk,0,Task0,0.5036428,0.2,0.3036428,13.65312,Far,-28.057,44.482,-5.3419,4.397797,0,-35.52092,43.51651,-16.73337,-35.38486,43.45239,-17.11876,-35.52621,43.54096,-16.96334,355.5932,236.2304,5.70432,-4.407,-123.77,5.704,345.2012,215.4108,326.5705,-14.799,-144.589,-33.43,342.3987,224.2541,305.4725,-17.601,-135.746,-54.528,-35.16,43.152,-14.71,0,0,0,0,0,0
R_1234567890,Experiment,Trial2,Walk,Tutorial,Walk,0,Task0,0.5036428,0.2,0.3036428,13.6531,Far,-28.057,44.482,-5.3419,4.531786,0,-35.52094,43.51645,-16.73332,-35.38539,43.45291,-17.11736,-35.52637,43.54099,-16.96313,355.5798,236.233,5.712417,-4.42,-123.767,5.712,345.1996,215.4137,326.5681,-14.8,-144.586,-33.432,342.392,224.2509,305.4725,-17.608,-135.749,-54.528,-35.16,43.152,-14.71,0,0,0,0,0,0
R_1234567890,Experiment,Trial2,Walk,Tutorial,Walk,0,Task0,0.5036428,0.2,0.3036428,13.65316,Far,-28.057,44.482,-5.3419,4.666437,0,-35.52093,43.51639,-16.73339,-35.38523,43.4528,-17.11775,-35.52622,43.54086,-16.9631,355.5772,236.2343,5.712866,-4.423,-123.766,5.713,345.203,215.4177,326.5677,-14.797,-144.582,-33.432,342.3895,224.2492,305.484,-17.611,-135.751,-54.516,-35.16,43.152,-14.71,0,0,0,0,0,0
R_1234567890,Experiment,Trial2,Walk,Tutorial,Walk,0,Task0,0.5036428,0.2,0.3036428,13.65344,Far,-28.057,44.482,-5.3419,4.802477,0,-35.52116,43.5164,-16.73359,-35.38567,43.45309,-17.11705,-35.52633,43.54078,-16.96327,355.5986,236.2431,5.705232,-4.401,-123.757,5.705,345.2003,215.4164,326.5578,-14.8,-144.584,-33.442,342.3997,224.2493,305.4809,-17.6,-135.751,-54.519,-35.16,43.152,-14.71,0,0,0,0,0,0
R_1234567890,Experiment,Trial2,Walk,Tutorial,Walk,0,Task0,0.5036428,0.2,0.3036428,13.6533,Far,-28.057,44.482,-5.3419,4.938128,0,-35.52092,43.51645,-16.73357,-35.38632,43.45397,-17.1152,-35.52625,43.54099,-16.96324,355.5838,236.2372,5.708819,-4.416,-123.763,5.709,345.198,215.4099,326.5729,-14.802,-144.59,-33.427,342.3868,224.2484,305.4935,-17.613,-135.752,-54.506,-35.16,43.152,-14.71,0,0,0,0,0,0
R_1234567890,Experiment,Trial2,Walk,Tutorial,Walk,0,Task0,0.5036428,0.2,0.3036428,13.65323,Far,-28.057,44.482,-5.3419,5.055355,0,-35.5206,43.5162,-16.73368,-35.38655,43.45432,-17.1144,-35.52617,43.54098,-16.96322,355.5648,236.231,5.701952,-4.435,-123.769,5.702,345.1935,215.4061,326.57,-14.806,-144.594,-33.43,342.3839,224.2458,305.4842,-17.616,-135.754,-54.516,-35.16,43.152,-14.71,0,0,0,0,0,0
R_1234567890,Experiment,Trial2,Walk,Tutorial,Walk,0,Task0,0.5036428,0.2,0.3036428,13.65352,Far,-28.057,44.482,-5.3419,5.171755,0,-35.52112,43.51637,-16.7337,-35.38695,43.45414,-17.11466,-35.52653,43.54065,-16.96378,355.5913,236.2415,5.697453,-4.409,-123.759,5.697001,345.2078,215.396,326.5507,-14.792,-144.604,-33.449,342.3923,224.2424,305.4937,-17.608,-135.758,-54.506,-35.16,43.152,-14.71,0,0,0,0,0,0
R_1234567890,Experiment,Trial2,Walk,Tutorial,Walk,0,Task0,0.5036428,0.2,0.3036428,13.65341,Far,-28.057,44.482,-5.3419,5.293105,0,-35.52096,43.51636,-16.73367,-35.38635,43.45409,-17.11487,-35.5262,43.54102,-16.96308,355.5754,236.2458,5.688994,-4.425,-123.754,5.689,345.1947,215.4002,326.5752,-14.805,-144.6,-33.425,342.3553,224.2425,305.5048,-17.645,-135.757,-54.495,-35.16,43.152,-14.71,0,0,0,0,0,0
R_1234567890,Experiment,Trial2,Walk,Tutorial,Walk,0,Task0,0.5036428,0.2,0.3036428,13.65329,Far,-28.057,44.482,-5.3419,5.437779,0,-35.5209,43.51635,-16.73357,-35.38675,43.45454,-17.11379,-35.52617,43.54101,-16.96282,355.5727,236.2598,5.687717,-4.427,-123.74,5.688,345.1894,215.4065,326.5627,-14.811,-144.593,-33.437,342.3624,224.2452,305.5082,-17.638,-135.755,-54.492,-35.16,43.152,-14.71,0,0,0,0,0,0
R_1234567890,Experiment,Trial2,Walk,Tutorial,Walk,0,Task0,0.5036428,0.2,0.3036428,13.65325,Far,-28.057,44.482,-5.3419,5.578748,0,-35.52104,43.51638,-16.73343,-35.38568,43.45304,-17.11678,-35.52637,43.54072,-16.96347,355.5658,236.2463,5.699529,-4.434,-123.754,5.7,345.1977,215.4106,326.5598,-14.802,-144.589,-33.44,342.3832,224.249,305.5186,-17.617,-135.751,-54.481,-35.16,43.152,-14.71,0,0,0,0,0,0
R_1234567890,Experiment,Trial2,Walk,Tutorial,Walk,0,Task0,0.5036428,0.2,0.3036428,13.65336,Far,-28.057,44.482,-5.3419,5.706919,0,-35.52095,43.51642,-16.73362,-35.38407,43.45147,-17.1207,-35.52638,43.54101,-16.96313,355.5686,236.2429,5.69743,-4.431,-123.757,5.697001,345.2029,215.4098,326.5717,-14.797,-144.59,-33.428,342.3677,224.2488,305.5079,-17.632,-135.751,-54.492,-35.16,43.152,-14.71,0,0,0,0,0,0
R_1234567890,Experiment,Trial2,Walk,Tutorial,Walk,0,Task0,0.5036428,0.2,0.3036428,13.65365,Far,-28.057,44.482,-5.3419,5.84095,0,-35.52077,43.51624,-16.73407,-35.38385,43.45122,-17.1212,-35.52632,43.54093,-16.96334,355.5723,236.2309,5.699551,-4.428,-123.769,5.7,345.2061,215.412,326.574,-14.794,-144.588,-33.426,342.3755,224.2447,305.5169,-17.625,-135.755,-54.483,-35.16,43.152,-14.71,0,0,0,0,0,0
R_1234567890,Experiment,Trial2,Walk,Tutorial,Walk,0,Task0,0.5036428,0.2,0.3036428,13.65331,Far,-28.057,44.482,-5.3419,5.959598,0,-35.52092,43.51635,-16.73358,-35.38359,43.45075,-17.12181,-35.52637,43.54067,-16.96319,355.5771,236.248,5.689972,-4.423,-123.752,5.69,345.2097,215.4096,326.563,-14.79,-144.59,-33.437,342.3654,224.25,305.5105,-17.635,-135.75,-54.489,-35.16,43.152,-14.71,0,0,0,0,0,0
R_1234567890,Experiment,Trial2,Walk,Tutorial,Walk,0,Task0,0.5036428,0.2,0.3036428,13.65342,Far,-28.057,44.482,-5.3419,6.085827,0,-35.52095,43.51629,-16.73369,-35.38322,43.4501,-17.12309,-35.52654,43.54086,-16.9635,355.5818,236.2354,5.688169,-4.418,-123.765,5.688,345.2251,215.4125,326.5615,-14.775,-144.588,-33.439,342.3662,224.256,305.5205,-17.634,-135.744,-54.48,-35.16,43.152,-14.71,0,0,0,0,0,0
R_1234567890,Experiment,Trial2,Walk,Tutorial,Walk,0,Task0,0.5036428,0.2,0.3036428,13.65332,Far,-28.057,44.482,-5.3419,6.207821,0,-35.52092,43.5165,-16.7336,-35.38207,43.44903,-17.12609,-35.52645,43.54108,-16.96314,355.5966,236.2431,5.692813,-4.403,-123.757,5.693,345.2338,215.398,326.5812,-14.766,-144.602,-33.419,342.3476,224.2529,305.5262,-17.652,-135.747,-54.474,-35.16,43.152,-14.71,0,0,0,0,0,0
R_1234567890,Experiment,Trial2,Walk,Tutorial,Walk,0,Task0,0.5036428,0.2,0.3036428,13.65306,Far,-28.057,44.482,-5.3419,6.330961,0,-35.52106,43.51654,-16.7332,-35.38265,43.44975,-17.12414,-35.5262,43.54088,-16.96325,355.5835,236.2362,5.685525,-4.416,-123.764,5.686,345.2145,215.4008,326.5782,-14.786,-144.599,-33.422,342.3416,224.2614,305.5263,-17.658,-135.739,-54.474,-35.16,43.152,-14.71,0,0,0,0,0,0
R_1234567890,Experiment,Trial2,Walk,Tutorial,Walk,0,Task0,0.5036428,0.2,0.3036428,13.65306,Far,-28.057,44.482,-5.3419,6.465759,0,-35.52101,43.51656,-16.73323,-35.38177,43.44901,-17.1258,-35.52615,43.54089,-16.96331,355.5948,236.2459,5.691277,-4.405,-123.754,5.691,345.2114,215.4066,326.5779,-14.789,-144.593,-33.422,342.3389,224.2602,305.528,-17.661,-135.74,-54.472,-35.16,43.152,-14.71,0,0,0,0,0,0
R_1234567890,Experiment,Trial2,Walk,Tutorial,Walk,0,Task0,0.5036428,0.2,0.3036428,13.6531,Far,-28.057,44.482,-5.3419,6.604187,0,-35.52098,43.51653,-16.7333,-35.38284,43.45002,-17.12342,-35.52613,43.54071,-16.96322,355.5796,236.2293,5.687282,-4.42,-123.771,5.687,345.2153,215.4056,326.5661,-14.785,-144.594,-33.434,342.3359,224.2564,305.5262,-17.664,-135.744,-54.474,-35.16,43.152,-14.71,0,0,0,0,0,0
R_1234567890,Experiment,Trial2,Walk,Tutorial,Walk,0,Task0,0.5036428,0.2,0.3036428,13.65307,Far,-28.057,44.482,-5.3419,6.726223,0,-35.52116,43.51649,-16.73314,-35.38221,43.44903,-17.12531,-35.52627,43.54081,-16.96327,355.5814,236.2343,5.682719,-4.419,-123.766,5.683,345.2159,215.4101,326.5631,-14.784,-144.59,-33.437,342.334,224.2614,305.524,-17.666,-135.739,-54.476,-35.16,43.152,-14.71,0,0,0,0,0,0
R_1234567890,Experiment,Trial2,Walk,Tutorial,Walk,0,Task0,0.5036428,0.2,0.3036428,13.65319,Far,-28.057,44.482,-5.3419,6.846948,0,-35.52074,43.51631,-16.73355,-35.38278,43.45008,-17.12357,-35.52613,43.54081,-16.96326,355.5751,236.2289,5.685466,-4.425,-123.771,5.685,345.2081,215.4015,326.5778,-14.792,-144.598,-33.422,342.3309,224.2634,305.5175,-17.669,-135.737,-54.482,-35.16,43.152,-14.71,0,0,0,0,0,0
R_1234567890,Experiment,Trial2,Walk,Tutorial,Walk,0,Task0,0.5036428,0.2,0.3036428,13.65285,Far,-28.057,44.482,-5.3419,6.97214,0,-35.52097,43.51638,-16.73299,-35.38167,43.44861,-17.12605,-35.52621,43.54065,-16.96313,355.5797,236.2374,5.685028,-4.42,-123.763,5.685,345.2142,215.4147,326.5717,-14.786,-144.585,-33.428,342.3211,224.2751,305.5138,-17.679,-135.725,-54.486,-35.16,43.152,-14.71,0,0,0,0,0,0
R_1234567890,Experiment,Trial2,Walk,Tutorial,Walk,0,Task0,0.5036428,0.2,0.3036428,13.65319,Far,-28.057,44.482,-5.3419,7.098308,0,-35.52082,43.51644,-16.73351,-35.38116,43.44826,-17.12734,-35.52605,43.54075,-16.96308,355.5867,236.2405,5.702399,-4.413,-123.76,5.702,345.2192,215.4022,326.5871,-14.781,-144.598,-33.413,342.3081,224.261,305.5343,-17.692,-135.739,-54.466,-35.16,43.152,-14.71,0,0,0,0,0,0
R_1234567890,Experiment,Trial2,Walk,Tutorial,Walk,0,Task0,0.5036428,0.2,0.3036428,13.65339,Far,-28.057,44.482,-5.3419,7.227837,0,-35.52091,43.51644,-16.73369,-35.38067,43.44754,-17.12929,-35.52634,43.54089,-16.96325,355.5888,236.2217,5.685227,-4.411,-123.778,5.685,345.2213,215.4096,326.5774,-14.779,-144.59,-33.423,342.3166,224.2571,305.5409,-17.683,-135.743,-54.459,-35.16,43.152,-14.71,0,0,0,0,0,0
R_1234567890,Experiment,Trial2,Walk,Tutorial,Walk,0,Task0,0.5036428,0.2,0.3036428,13.65307,Far,-28.057,44.482,-5.3419,7.35757,0,-35.52089,43.51644,-16.73332,-35.38171,43.44881,-17.12609,-35.52615,43.54086,-16.96309,355.5874,236.2367,5.678509,-4.413,-123.763,5.679,345.2,215.4043,326.5875,-14.8,-144.596,-33.413,342.2955,224.2626,305.5399,-17.705,-135.737,-54.46,-35.16,43.152,-14.71,0,0,0,0,0,0
R_1234567890,Experiment,Trial2,Walk,Tutorial,Walk,0,Task0,0.5036428,0.2,0.3036428,13.65354,Far,-28.057,44.482,-5.3419,7.492254,0,-35.52109,43.51648,-16.73375,-35.38092,43.44795,-17.12837,-35.52638,43.54102,-16.96336,355.6019,236.2326,5.681927,-4.398,-123.767,5.682,345.2175,215.3999,326.5856,-14.783,-144.6,-33.414,342.3091,224.2617,305.5413,-17.691,-135.738,-54.459,-35.16,43.152,-14.71,0,0,0,0,0,0
R_1234567890,Experiment,Trial2,Walk,Tutorial,Walk,0,Task0,0.5036428,0.2,0.3036428,13.65301,Far,-28.057,44.482,-5.3419,7.628336,0,-35.52085,43.5164,-16.73327,-35.38065,43.4476,-17.12845,-35.52619,43.54095,-16.96305,355.5977,236.2323,5.682127,-4.402,-123.768,5.682,345.2018,215.4262,326.5857,-14.798,-144.574,-33.414,342.2876,224.2657,305.5443,-17.712,-135.734,-54.456,-35.16,43.152,-14.71,0,0,0,0,0,0
R_1234567890,Experiment,Trial2,Walk,Tutorial,Walk,0,Task0,0.5036428,0.2,0.3036428,13.65333,Far,-28.057,44.482,-5.3419,7.744766,0,-35.5211,43.51643,-16.73349,-35.37952,43.44629,-17.13182,-35.52623,43.54071,-16.96321,355.5879,236.2255,5.676375,-4.412,-123.775,5.676,345.2132,215.429,326.5822,-14.787,-144.571,-33.418,342.2938,224.2641,305.5457,-17.706,-135.736,-54.454,-35.16,43.152,-14.71,0,0,0,0,0,0
R_1234567890,Experiment,Trial2,Walk,Tutorial,Walk,0,Task0,0.5036428,0.2,0.3036428,13.65314,Far,-28.057,44.482,-5.3419,7.871096,0,-35.52111,43.51634,-16.73325,-35.38067,43.4474,-17.1288,-35.52631,43.54088,-16.9634,355.5844,236.2383,5.666516,-4.416,-123.762,5.667,345.1967,215.4499,326.5634,-14.803,-144.55,-33.437,342.295,224.272,305.549,-17.705,-135.728,-54.451,-35.16,43.152,-14.71,0,0,0,0,0,0
R_1234567890,Experiment,Trial2,Walk,Tutorial,Walk,0,Task0,0.5036428,0.2,0.3036428,13.65329,Far,-28.057,44.482,-5.3419,8.000263,0,-35.52106,43.5164,-16.73346,-35.38032,43.44725,-17.12968,-35.52618,43.54082,-16.9632,355.5985,236.2346,5.67696,-4.401,-123.765,5.677,345.2066,215.452,326.5741,-14.793,-144.548,-33.426,342.2794,224.2676,305.5439,-17.721,-135.732,-54.456,-35.16,43.152,-14.71,0,0,0,0,0,0
R_1234567890,Experiment,Trial2,Walk,Tutorial,Walk,0,Task0,0.5036428,0.2,0.3036428,13.65338,Far,-28.057,44.482,-5.3419,8.129152,0,-35.52098,43.5164,-16.73363,-35.38086,43.44791,-17.12816,-35.52628,43.54105,-16.96317,355.5722,236.2243,5.682205,-4.428,-123.776,5.682,345.2049,215.4495,326.5746,-14.795,-144.55,-33.425,342.2783,224.2691,305.546,-17.722,-135.731,-54.454,-35.16,43.152,-14.71,0,0,0,0,0,0
R_1234567890,Experiment,Trial2,Walk,Tutorial,Walk,0,Task0,0.5036428,0.2,0.3036428,13.65313,Far,-28.057,44.482,-5.3419,8.268238,0,-35.5209,43.51632,-16.73337,-35.38178,43.44874,-17.12597,-35.52633,43.54107,-16.96309,355.5822,236.2281,5.68448,-4.418,-123.772,5.684,345.1985,215.4447,326.5651,-14.801,-144.555,-33.435,342.2652,224.2675,305.5511,-17.735,-135.732,-54.449,-35.16,43.152,-14.71,0,0,0,0,0,0
R_1234567890,Experiment,Trial2,Walk,Tutorial,Walk,0,Task0,0.5036428,0.2,0.3036428,13.6528,Far,-28.057,44.482,-5.3419,8.3971,0,-35.52101,43.51643,-16.73291,-35.38219,43.44901,-17.1248,-35.52608,43.54069,-16.96327,355.5748,236.2349,5.676208,-4.425,-123.765,5.676,345.2027,215.4622,326.5558,-14.797,-144.538,-33.444,342.2594,224.2698,305.5638,-17.741,-135.73,-54.436,-35.16,43.152,-14.71,0,0,0,0,0,0
R_1234567890,Experiment,Trial2,Walk,Tutorial,Walk,0,Task0,0.5036428,0.2,0.3036428,13.653,Far,-28.057,44.482,-5.3419,8.523073,0,-35.52113,43.51672,-16.7331,-35.3812,43.44825,-17.12741,-35.52629,43.54089,-16.96308,355.5895,236.2379,5.683816,-4.41,-123.762,5.684,345.2183,215.4521,326.5623,-14.782,-144.548,-33.438,342.2587,224.2719,305.5508,-17.741,-135.728,-54.449,-35.16,43.152,-14.71,0,0,0,0,0,0
R_1234567890,Experiment,Trial2,Walk,Tutorial,Walk,0,Task0,0.5036428,0.2,0.3036428,13.65315,Far,-28.057,44.482,-5.3419,8.649547,0,-35.52113,43.51665,-16.73328,-35.38173,43.44876,-17.12629,-35.52628,43.54087,-16.96354,355.5943,236.2189,5.663539,-4.406,-123.781,5.664,345.2244,215.455,326.5599,-14.776,-144.545,-33.44,342.2573,224.2679,305.5674,-17.743,-135.732,-54.433,-35.16,43.152,-14.71,0,0,0,0,0,0
R_1234567890,Experiment,Trial2,Walk,Tutorial,Walk,0,Task0,0.5036428,0.2,0.3036428,13.65289,Far,-28.057,44.482,-5.3419,8.777273,0,-35.52122,43.51679,-16.73292,-35.38229,43.44935,-17.12498,-35.52617,43.54098,-16.96325,355.6008,236.2188,5.670424,-4.399,-123.781,5.67,345.2123,215.461,326.5569,-14.788,-144.539,-33.443,342.239,224.2665,305.5664,-17.761,-135.734,-54.434,-35.16,43.152,-14.71,0,0,0,0,0,0
R_1234567890,Experiment,Trial2,Walk,Tutorial,Walk,0,Task0,0.5036428,0.2,0.3036428,13.65284,Far,-28.057,44.482,-5.3419,8.900187,0,-35.52142,43.51685,-16.73273,-35.3827,43.44981,-17.12418,-35.52628,43.54087,-16.96314,355.5869,236.2189,5.674457,-4.413,-123.781,5.674,345.2216,215.4552,326.5609,-14.778,-144.545,-33.439,342.2324,224.2697,305.5487,-17.768,-135.73,-54.451,-35.16,43.152,-14.71,0,0,0,0,0,0
R_1234567890,Experiment,Trial2,Walk,Tutorial,Walk,0,Task0,0.5036428,0.2,0.3036428,13.65272,Far,-28.057,44.482,-5.3419,9.034622,0,-35.52137,43.51691,-16.73262,-35.38336,43.45042,-17.12274,-35.52642,43.54105,-16.96319,355.5769,236.227,5.671695,-4.423,-123.773,5.672,345.2115,215.4628,326.552,-14.789,-144.537,-33.448,342.232,224.2699,305.5522,-17.768,-135.73,-54.448,-35.16,43.152,-14.71,0,0,0,0,0,0
R_1234567890,Experiment,Trial2,Walk,Tutorial,Walk,0,Task0,0.5036428,0.2,0.3036428,13.65238,Far,-28.057,44.482,-5.3419,9.168801,0,-35.52106,43.51686,-16.73241,-35.38464,43.45213,-17.11872,-35.52602,43.541,-16.96286,355.5643,236.2182,5.664168,-4.436,-123.782,5.664,345.1889,215.4553,326.558,-14.811,-144.545,-33.442,342.2109,224.2746,305.5544,-17.789,-135.726,-54.446,-35.16,43.152,-14.71,0,0,0,0,0,0
R_1234567890,Experiment,Trial2,Walk,Tutorial,Walk,0,Task0,0.5036428,0.2,0.3036428,13.65253,Far,-28.057,44.482,-5.3419,9.306199,0,-35.52152,43.51699,-16.73231,-35.38515,43.45238,-17.11819,-35.52626,43.54076,-16.96333,355.5831,236.2207,5.661095,-4.417,-123.779,5.661,345.2142,215.4488,326.5494,-14.786,-144.551,-33.451,342.2261,224.2688,305.5744,-17.774,-135.731,-54.426,-35.16,43.152,-14.71,0,0,0,0,0,0
R_1234567890,Experiment,Trial2,Walk,Tutorial,Walk,0,Task0,0.5036428,0.2,0.3036428,13.65246,Far,-28.057,44.482,-5.3419,9.427533,0,-35.52125,43.51707,-16.7324,-35.38507,43.45249,-17.11808,-35.5262,43.54094,-16.96305,355.5964,236.2242,5.666897,-4.404,-123.776,5.667,345.2119,215.4473,326.5551,-14.788,-144.553,-33.445,342.2089,224.2717,305.5703,-17.791,-135.728,-54.43,-35.16,43.152,-14.71,0,0,0,0,0,0
R_1234567890,Experiment,Trial2,Walk,Tutorial,Walk,0,Task0,0.5036428,0.2,0.3036428,13.65239,Far,-28.057,44.482,-5.3419,9.544423,0,-35.52139,43.51717,-16.73224,-35.38481,43.45216,-17.11886,-35.52615,43.54105,-16.96328,355.5844,236.2299,5.662137,-4.416,-123.77,5.662,345.2187,215.4483,326.565,-14.781,-144.552,-33.435,342.2065,224.2753,305.5823,-17.793,-135.725,-54.418,-35.16,43.152,-14.71,0,0,0,0,0,0
R_1234567890,Experiment,Trial2,Walk,Tutorial,Walk,0,Task0,0.5036428,0.2,0.3036428,13.65249,Far,-28.057,44.482,-5.3419,9.666337,0,-35.52144,43.51707,-16.73232,-35.38433,43.45156,-17.12013,-35.52628,43.54104,-16.96307,355.584,236.2173,5.679238,-4.416,-123.783,5.679,345.2285,215.4589,326.5683,-14.772,-144.541,-33.432,342.2048,224.2771,305.5749,-17.795,-135.723,-54.425,-35.16,43.152,-14.71,0,0,0,0,0,0
R_1234567890,Experiment,Trial2,Walk,Tutorial,Walk,0,Task0,0.5036428,0.2,0.3036428,13.6526,Far,-28.057,44.482,-5.3419,9.794785,0,-35.5214,43.5171,-16.73248,-35.38431,43.45164,-17.12032,-35.52627,43.54109,-16.96307,355.593,236.2151,5.673517,-4.407,-123.785,5.674,345.2223,215.4591,326.5779,-14.778,-144.541,-33.422,342.2064,224.2697,305.5938,-17.794,-135.73,-54.406,-35.16,43.152,-14.71,0,0,0,0,0,0
R_1234567890,Experiment,Trial2,Walk,Tutorial,Walk,0,Task0,0.5036428,0.2,0.3036428,13.65229,Far,-28.057,44.482,-5.3419,9.932604,0,-35.52122,43.51705,-16.73222,-35.38499,43.45253,-17.11799,-35.52593,43.54089,-16.96316,355.5797,236.2169,5.667773,-4.42,-123.783,5.668,345.2088,215.4614,326.5743,-14.791,-144.539,-33.426,342.1994,224.2772,305.5967,-17.801,-135.723,-54.403,-35.16,43.152,-14.71,0,0,0,0,0,0
R_1234567890,Experiment,Trial2,Walk,Tutorial,Walk,0,Task0,0.5036428,0.2,0.3036428,13.65267,Far,-28.057,44.482,-5.3419,10.06188,0,-35.52155,43.51702,-16.73245,-35.3856,43.45303,-17.11707,-35.52642,43.54108,-16.96332,355.5989,236.2121,5.67428,-4.401,-123.788,5.674,345.2277,215.4549,326.5629,-14.772,-144.545,-33.437,342.2179,224.2821,305.5802,-17.782,-135.718,-54.42,-35.16,43.152,-14.71,0,0,0,0,0,0
R_1234567890,Experiment,Trial2,Walk,Tutorial,Walk,0,Task0,0.5036428,0.2,0.3036428,13.65272,Far,-28.057,44.482,-5.3419,10.19687,0,-35.52137,43.51696,-16.73263,-35.38494,43.4523,-17.11858,-35.52635,43.5411,-16.96319,355.6015,236.228,5.673585,-4.399,-123.772,5.674,345.2299,215.4645,326.5673,-14.77,-144.536,-33.433,342.2009,224.2768,305.5917,-17.799,-135.723,-54.408,-35.16,43.152,-14.71,0,0,0,0,0,0
R_1234567890,Experiment,Trial2,Walk,Tutorial,Walk,0,Task0,0.5036428,0.2,0.3036428,13.65273,Far,-28.057,44.482,-5.3419,10.31332,0,-35.52113,43.51669,-16.73278,-35.38483,43.45208,-17.1187,-35.52622,43.54082,-16.96283,355.5787,236.2108,5.656427,-4.421,-123.789,5.656,345.223,215.4745,326.5663,-14.777,-144.525,-33.434,342.1772,224.2756,305.5848,-17.823,-135.724,-54.415,-35.16,43.152,-14.71,0,0,0,0,0,0
R_1234567890,Experiment,Trial2,Walk,Tutorial,Walk,0,Task0,0.5036428,0.2,0.3036428,13.65303,Far,-28.057,44.482,-5.3419,10.42741,0,-35.52142,43.51681,-16.73295,-35.38428,43.45124,-17.12104,-35.52632,43.54084,-16.96339,355.6006,236.2077,5.673313,-4.399,-123.792,5.673,345.2302,215.4788,326.5697,-14.77,-144.521,-33.43,342.2015,224.2831,305.6067,-17.799,-135.717,-54.393,-35.16,43.152,-14.71,0,0,0,0,0,0
R_1234567890,Experiment,Trial2,Walk,Tutorial,Walk,0,Task0,0.5036428,0.2,0.3036428,13.65308,Far,-28.057,44.482,-5.3419,10.55087,0,-35.52108,43.51664,-16.73322,-35.38398,43.4514,-17.12088,-35.52615,43.54099,-16.96307,355.5836,236.2085,5.665854,-4.416,-123.791,5.666,345.214,215.4755,326.5831,-14.786,-144.524,-33.417,342.179,224.2779,305.6095,-17.821,-135.722,-54.391,-35.16,43.152,-14.71,0,0,0,0,0,0
R_1234567890,Experiment,Trial2,Walk,Tutorial,Walk,0,Task0,0.5036428,0.2,0.3036428,13.65305,Far,-28.057,44.482,-5.3419,10.669,0,-35.52126,43.51669,-16.73307,-35.38546,43.45272,-17.11756,-35.52637,43.54097,-16.96315,355.5954,236.2264,5.665932,-4.405,-123.774,5.666,345.2147,215.4751,326.5794,-14.785,-144.525,-33.421,342.1846,224.2836,305.6109,-17.815,-135.716,-54.389,-35.16,43.152,-14.71,0,0,0,0,0,0
R_1234567890,Experiment,Trial2,Walk,Tutorial,Walk,0,Task0,0.5036428,0.2,0.3036428,13.65311,Far,-28.057,44.482,-5.3419,10.79274,0,-35.52106,43.51662,-16.73327,-35.38437,43.45165,-17.11983,-35.52634,43.54118,-16.96313,355.591,236.2291,5.65746,-4.409,-123.771,5.657,345.2153,215.4908,326.5825,-14.785,-144.509,-33.417,342.1723,224.2789,305.6137,-17.828,-135.721,-54.386,-35.16,43.152,-14.71,0,0,0,0,0,0
R_1234567890,Experiment,Trial2,Walk,Tutorial,Walk,0,Task0,0.5036428,0.2,0.3036428,13.65293,Far,-28.057,44.482,-5.3419,10.93343,0,-35.52087,43.51666,-16.73317,-35.38387,43.4514,-17.12046,-35.52608,43.54102,-16.96282,355.5764,236.2267,5.670503,-4.424,-123.773,5.671,345.2114,215.4799,326.594,-14.789,-144.52,-33.406,342.1483,224.2768,305.6171,-17.852,-135.723,-54.383,-35.16,43.152,-14.71,0,0,0,0,0,0
R_1234567890,Experiment,Trial2,Walk,Tutorial,Walk,0,Task0,0.5036428,0.2,0.3036428,13.653,Far,-28.057,44.482,-5.3419,11.06758,0,-35.5211,43.51665,-16.73311,-35.16,43.152,-14.71,-35.52625,43.54099,-16.96318,355.6005,236.2294,5.678772,-4.399,-123.771,5.679,0,0,0,0,0,0,342.1599,224.284,305.6268,-17.84,-135.716,-54.373,-35.16,43.152,-14.71,0,0,0,0,0,0
R_1234567890,Experiment,Trial2,Walk,Tutorial,Walk,0,Task0,0.5036428,0.2,0.3036428,13.65282,Far,-28.057,44.482,-5.3419,11.20247,0,-35.52121,43.51661,-16.73283,-35.16,43.152,-14.71,-35.52629,43.54098,-16.96279,355.6211,236.2191,5.670491,-4.379,-123.781,5.67,0,0,0,0,0,0,342.1482,224.2854,305.6177,-17.852,-135.715,-54.382,-35.16,43.152,-14.71,0,0,0,0,0,0
R_1234567890,Experiment,Trial2,Walk,Tutorial,Walk,0,Task0,0.5036428,0.2,0.3036428,13.65308,Far,-28.057,44.482,-5.3419,11.33429,0,-35.52082,43.51647,-16.73337,-35.16,43.152,-14.71,-35.52599,43.54099,-16.96321,355.5893,236.2236,5.666844,-4.411,-123.776,5.667,0,0,0,0,0,0,342.1416,224.2867,305.6436,-17.858,-135.713,-54.356,-35.16,43.152,-14.71,0,0,0,0,0,0
R_1234567890,Experiment,Trial2,Walk,Tutorial,Walk,0,Task0,0.5036428,0.2,0.3036428,13.65324,Far,-28.057,44.482,-5.3419,11.46911,0,-35.52076,43.51643,-16.73361,-35.16,43.152,-14.71,-35.52604,43.54103,-16.96305,355.5965,236.2164,5.684581,-4.403,-123.784,5.685,0,0,0,0,0,0,342.1383,224.2898,305.6397,-17.862,-135.71,-54.36,-35.16,43.152,-14.71,0,0,0,0,0,0
R_1234567890,Experiment,Trial2,Walk,Tutorial,Walk,0,Task0,0.5036428,0.2,0.3036428,13.65338,Far,-28.057,44.482,-5.3419,11.58608,0,-35.52085,43.51615,-16.73369,-35.16,43.152,-14.71,-35.5261,43.5409,-16.96324,355.6012,236.2137,5.667209,-4.399,-123.786,5.667,0,0,0,0,0,0,342.1468,224.2835,305.6458,-17.853,-135.717,-54.354,-35.16,43.152,-14.71,0,0,0,0,0,0
R_1234567890,Experiment,Trial2,Walk,Tutorial,Walk,0,Task0,0.5036428,0.2,0.3036428,13.65314,Far,-28.057,44.482,-5.3419,11.71044,0,-35.52076,43.51622,-16.73347,-35.16,43.152,-14.71,-35.52624,43.54105,-16.96316,355.6038,236.2205,5.677925,-4.396,-123.78,5.678,0,0,0,0,0,0,342.1461,224.2833,305.6321,-17.854,-135.717,-54.368,-35.16,43.152,-14.71,0,0,0,0,0,0
R_1234567890,Experiment,Trial2,Walk,Tutorial,Walk,0,Task0,0.5036428,0.2,0.3036428,13.65332,Far,-28.057,44.482,-5.3419,11.83936,0,-35.52079,43.51614,-16.73366,-35.16,43.152,-14.71,-35.52621,43.54103,-16.96317,355.5958,236.209,5.665182,-4.404,-123.791,5.665,0,0,0,0,0,0,342.1234,224.2923,305.632,-17.877,-135.708,-54.368,-35.16,43.152,-14.71,0,0,0,0,0,0
R_1234567890,Experiment,Trial2,Walk,Tutorial,Walk,0,Task0,0.5036428,0.2,0.3036428,13.65352,Far,-28.057,44.482,-5.3419,11.97323,0,-35.52058,43.51611,-16.73403,-35.16,43.152,-14.71,-35.52634,43.54101,-16.96299,355.5912,236.2141,5.666132,-4.409,-123.786,5.666,0,0,0,0,0,0,342.1135,224.2938,305.6229,-17.886,-135.706,-54.377,-35.16,43.152,-14.71,0,0,0,0,0,0
R_1234567890,Experiment,Trial2,Walk,Tutorial,Walk,0,Task0,0.5036428,0.2,0.3036428,13.65336,Far,-28.057,44.482,-5.3419,12.10924,0,-35.52068,43.51617,-16.73378,-35.16,43.152,-14.71,-35.52623,43.54096,-16.96294,355.6089,236.2008,5.663166,-4.391,-123.799,5.663,0,0,0,0,0,0,342.1041,224.2885,305.6333,-17.896,-135.712,-54.367,-35.16,43.152,-14.71,0,0,0,0,0,0
R_1234567890,Experiment,Trial2,Walk,Tutorial,Walk,0,Task0,0.5036428,0.2,0.3036428,13.65368,Far,-28.057,44.482,-5.3419,12.2411,0,-35.52075,43.51632,-16.73413,-35.16,43.152,-14.71,-35.5263,43.54103,-16.96305,355.6127,236.2104,5.660397,-4.387,-123.79,5.66,0,0,0,0,0,0,342.0981,224.2856,305.6355,-17.902,-135.714,-54.365,-35.16,43.152,-14.71,0,0,0,0,0,0
R_1234567890,Experiment,Trial2,Walk,Tutorial,Walk,0,Task0,0.5036428,0.2,0.3036428,13.65332,Far,-28.057,44.482,-5.3419,12.3557,0,-35.52085,43.51642,-16.73364,-35.16,43.152,-14.71,-35.52612,43.54114,-16.96297,355.5995,236.2163,5.662198,-4.401,-123.784,5.662,0,0,0,0,0,0,342.0925,224.2935,305.6404,-17.908,-135.706,-54.36,-35.16,43.152,-14.71,0,0,0,0,0,0
R_1234567890,Experiment,Trial2,Walk,Tutorial,Walk,0,Task0,0.5036428,0.2,0.3036428,13.65325,Far,-28.057,44.482,-5.3419,12.46938,0,-35.52097,43.51642,-16.73348,-35.16,43.152,-14.71,-35.52617,43.54112,-16.96337,355.5902,236.2204,5.651038,-4.41,-123.78,5.651,0,0,0,0,0,0,342.0971,224.2921,305.65,-17.903,-135.708,-54.35,-35.16,43.152,-14.71,0,0,0,0,0,0
R_1234567890,Experiment,Trial2,Walk,Tutorial,Walk,0,Task0,0.5036428,0.2,0.3036428,13.6532,Far,-28.057,44.482,-5.3419,12.59473,0,-35.52099,43.51638,-16.7334,-35.16,43.152,-14.71,-35.52617,43.5409,-16.9632,355.596,236.2144,5.659816,-4.404,-123.786,5.66,0,0,0,0,0,0,342.0876,224.2881,305.6399,-17.912,-135.712,-54.36,-35.16,43.152,-14.71,0,0,0,0,0,0
R_1234567890,Experiment,Trial2,Walk,Tutorial,Walk,0,Task0,0.5036428,0.2,0.3036428,13.65316,Far,-28.057,44.482,-5.3419,12.72193,0,-35.521,43.51648,-16.73336,-35.16,43.152,-14.71,-35.52612,43.54092,-16.96307,355.5804,236.2115,5.647459,-4.42,-123.789,5.647,0,0,0,0,0,0,342.0842,224.2901,305.6319,-17.916,-135.71,-54.368,-35.16,43.152,-14.71,0,0,0,0,0,0
R_1234567890,Experiment,Trial2,Walk,Tutorial,Walk,0,Task0,0.5036428,0.2,0.3036428,13.6531,Far,-28.057,44.482,-5.3419,12.85421,0,-35.52116,43.51654,-16.73319,-35.16,43.152,-14.71,-35.52631,43.54094,-16.96294,355.5968,236.214,5.641289,-4.403,-123.786,5.641,0,0,0,0,0,0,342.0819,224.2845,305.6328,-17.918,-135.716,-54.367,-35.16,43.152,-14.71,0,0,0,0,0,0
R_1234567890,Experiment,Trial2,Walk,Tutorial,Walk,0,Task0,0.5036428,0.2,0.3036428,13.65306,Far,-28.057,44.482,-5.3419,12.99109,0,-35.52086,43.51661,-16.73334,-35.16,43.152,-14.71,-35.52615,43.54115,-16.96304,355.5671,236.22,5.649536,-4.433,-123.78,5.65,0,0,0,0,0,0,342.0811,224.286,305.6453,-17.919,-135.714,-54.355,-35.16,43.152,-14.71,0,0,0,0,0,0
R_1234567890,Experiment,Trial2,Walk,Tutorial,Walk,0,Task0,0.5036428,0.2,0.3036428,13.65304,Far,-28.057,44.482,-5.3419,13.12366,0,-35.52132,43.5167,-16.73302,-35.16,43.152,-14.71,-35.52644,43.54095,-16.96321,355.5959,236.2117,5.654583,-4.404,-123.788,5.655,0,0,0,0,0,0,342.0863,224.2877,305.6471,-17.914,-135.712,-54.353,-35.16,43.152,-14.71,0,0,0,0,0,0
R_1234567890,Experiment,Trial2,Walk,Tutorial,Walk,0,Task0,0.5036428,0.2,0.3036428,13.65295,Far,-28.057,44.482,-5.3419,13.24255,0,-35.52101,43.51677,-16.73313,-35.16,43.152,-14.71,-35.52629,43.54115,-16.96292,355.5848,236.2134,5.651113,-4.415,-123.787,5.651,0,0,0,0,0,0,342.0699,224.2853,305.658,-17.93,-135.715,-54.342,-35.16,43.152,-14.71,0,0,0,0,0,0
R_1234567890,Experiment,Trial2,Walk,Tutorial,Walk,0,Task0,0.5036428,0.2,0.3036428,13.65298,Far,-28.057,44.482,-5.3419,13.35967,0,-35.52136,43.51684,-16.73293,-35.16,43.152,-14.71,-35.52658,43.54103,-16.96314,355.5944,236.2166,5.642311,-4.406,-123.783,5.642,0,0,0,0,0,0,342.0702,224.2866,305.6577,-17.93,-135.713,-54.342,-35.16,43.152,-14.71,0,0,0,0,0,0
R_1234567890,Experiment,Trial2,Walk,Tutorial,Walk,0,Task0,0.5036428,0.2,0.3036428,13.65286,Far,-28.057,44.482,-5.3419,13.47392,0,-35.52114,43.51678,-16.73293,-35.16,43.152,-14.71,-35.52605,43.54098,-16.96308,355.5647,236.2129,5.64026,-4.435,-123.787,5.64,0,0,0,0,0,0,342.0384,224.2831,305.6822,-17.962,-135.717,-54.318,-35.16,43.152,-14.71,0,0,0,0,0,0
R_1234567890,Experiment,Trial2,Walk,Tutorial,Walk,0,Task0,0.5036428,0.2,0.3036428,13.65296,Far,-28.057,44.482,-5.3419,13.6138,0,-35.52107,43.51669,-16.73308,-35.16,43.152,-14.71,-35.52632,43.54102,-16.96318,355.5842,236.2075,5.637335,-4.416,-123.793,5.637,0,0,0,0,0,0,342.0489,224.2854,305.665,-17.951,-135.715,-54.335,-35.16,43.152,-14.71,0,0,0,0,0,0
R_1234567890,Experiment,Trial2,Walk,Tutorial,Walk,0,Task0,0.5036428,0.2,0.3036428,13.65291,Far,-28.057,44.482,-5.3419,13.74957,0,-35.52123,43.51672,-16.73293,-35.16,43.152,-14.71,-35.52615,43.54102,-16.96331,355.5891,236.2161,5.645931,-4.411,-123.784,5.646,0,0,0,0,0,0,342.0396,224.2862,305.6864,-17.96,-135.714,-54.314,-35.16,43.152,-14.71,0,0,0,0,0,0
R_1234567890,Experiment,Trial2,Walk,Tutorial,Walk,0,Task0,0.5036428,0.2,0.3036428,13.65306,Far,-28.057,44.482,-5.3419,13.88097,0,-35.52119,43.5167,-16.73313,-35.16,43.152,-14.71,-35.52631,43.54109,-16.96325,355.5735,236.2037,5.634956,-4.426,-123.796,5.635,0,0,0,0,0,0,342.0385,224.2878,305.6665,-17.962,-135.712,-54.333,-35.16,43.152,-14.71,0,0,0,0,0,0
R_1234567890,Experiment,Trial2,Walk,Tutorial,Walk,0,Task0,0.5036428,0.2,0.3036428,13.65307,Far,-28.057,44.482,-5.3419,14.0183,0,-35.52111,43.51661,-16.73318,-35.16,43.152,-14.71,-35.52639,43.54111,-16.96295,355.5883,236.2152,5.639663,-4.412,-123.785,5.64,0,0,0,0,0,0,342.0247,224.2866,305.6595,-17.975,-135.713,-54.341,-35.16,43.152,-14.71,0,0,0,0,0,0
R_1234567890,Experiment,Trial2,Walk,Tutorial,Walk,0,Task0,0.5036428,0.2,0.3036428,13.65324,Far,-28.057,44.482,-5.3419,14.14402,0,-35.5208,43.51649,-16.73359,-35.16,43.152,-14.71,-35.52632,43.54129,-16.96306,355.5804,236.2119,5.63987,-4.42,-123.788,5.64,0,0,0,0,0,0,342.0287,224.2899,305.6629,-17.971,-135.71,-54.337,-35.16,43.152,-14.71,0,0,0,0,0,0
R_1234567890,Experiment,Trial2,Walk,Tutorial,Walk,0,Task0,0.5036428,0.2,0.3036428,13.65305,Far,-28.057,44.482,-5.3419,14.26863,0,-35.52108,43.51663,-16.73318,-35.16,43.152,-14.71,-35.52613,43.54101,-16.96329,355.5842,236.2201,5.637682,-4.416,-123.78,5.638,0,0,0,0,0,0,342.023,224.301,305.6613,-17.977,-135.699,-54.339,-35.16,43.152,-14.71,0,0,0,0,0,0
R_1234567890,Experiment,Trial2,Walk,Tutorial,Walk,0,Task0,0.5036428,0.2,0.3036428,13.6531,Far,-28.057,44.482,-5.3419,14.38579,0,-35.52104,43.51669,-16.73328,-35.16,43.152,-14.71,-35.52629,43.54107,-16.96327,355.5943,236.2057,5.641101,-4.406,-123.794,5.641,0,0,0,0,0,0,342.0154,224.2906,305.6563,-17.985,-135.709,-54.344,-35.16,43.152,-14.71,0,0,0,0,0,0
R_1234567890,Experiment,Trial2,Walk,Tutorial,Walk,0,Task0,0.5036428,0.2,0.3036428,13.65315,Far,-28.057,44.482,-5.3419,14.51826,0,-35.52104,43.5166,-16.73333,-35.16,43.152,-14.71,-35.52632,43.54123,-16.9629,355.5785,236.1994,5.637658,-4.422,-123.801,5.638,0,0,0,0,0,0,341.9887,224.2916,305.663,-18.011,-135.708,-54.337,-35.16,43.152,-14.71,0,0,0,0,0,0
R_1234567890,Experiment,Trial2,Walk,Tutorial,Walk,0,Task0,0.5036428,0.2,0.3036428,13.65319,Far,-28.057,44.482,-5.3419,14.6567,0,-35.52079,43.51654,-16.73353,-35.16,43.152,-14.71,-35.52607,43.54107,-16.96297,355.5873,236.2175,5.644917,-4.413,-123.782,5.645,0,0,0,0,0,0,341.9763,224.2905,305.6716,-18.024,-135.71,-54.328,-35.16,43.152,-14.71,0,0,0,0,0,0
R_1234567890,Experiment,Trial2,Walk,Tutorial,Walk,0,Task0,0.5036428,0.2,0.3036428,13.65306,Far,-28.057,44.482,-5.3419,14.81263,0,-35.52085,43.51653,-16.73333,-35.16,43.152,-14.71,-35.5262,43.54115,-16.96287,355.5891,236.206,5.642734,-4.411,-123.794,5.643,0,0,0,0,0,0,341.9874,224.2885,305.6522,-18.013,-135.712,-54.348,-35.16,43.152,-14.71,0,0,0,0,0,0
R_1234567890,Experiment,Trial2,Walk,Tutorial,Walk,0,Task0,0.5036428,0.2,0.3036428,13.6532,Far,-28.057,44.482,-5.3419,15.25217,0,-35.52114,43.5165,-16.73331,-35.16,43.152,-14.71,-35.52604,43.54102,-16.96295,355.588,236.2121,5.629841,-4.412,-123.788,5.63,0,0,0,0,0,0,341.9634,224.2717,305.6859,-18.037,-135.728,-54.314,-35.16,43.152,-14.71,0,0,0,0,0,0
R_1234567890,Experiment,Trial2,Walk,Tutorial,Walk,0,Task0,0.5036428,0.2,0.3036428,13.65371,Far,-28.057,44.482,-5.3419,15.39791,0,-35.52061,43.51588,-16.73422,-35.16,43.152,-14.71,-35.5261,43.54105,-16.96305,355.5794,236.2002,5.646119,-4.421,-123.8,5.646,0,0,0,0,0,0,341.96,224.2804,305.6986,-18.04,-135.72,-54.301,-35.16,43.152,-14.71,0,0,0,0,0,0
R_1234567890,Experiment,Trial2,Walk,Tutorial,Walk,0,Task0,0.5036428,0.2,0.3036428,13.65405,Far,-28.057,44.482,-5.3419,15.5602,0,-35.5204,43.51573,-16.73476,-35.16,43.152,-14.71,-35.52625,43.54113,-16.96291,355.5816,236.2106,5.631048,-4.418,-123.789,5.631,0,0,0,0,0,0,341.9527,224.2827,305.6944,-18.047,-135.717,-54.306,-35.16,43.152,-14.71,0,0,0,0,0,0
R_1234567890,Experiment,Trial2,Walk,Tutorial,Walk,0,Task0,0.5036428,0.2,0.3036428,13.65423,Far,-28.057,44.482,-5.3419,15.69361,0,-35.52057,43.51575,-16.73486,-35.16,43.152,-14.71,-35.52616,43.54097,-16.96335,355.5766,236.2185,5.627584,-4.423,-123.782,5.628,0,0,0,0,0,0,341.9506,224.2809,305.7126,-18.049,-135.719,-54.287,-35.16,43.152,-14.71,0,0,0,0,0,0
R_1234567890,Experiment,Trial2,Walk,Tutorial,Walk,0,Task0,0.5036428,0.2,0.3036428,13.65425,Far,-28.057,44.482,-5.3419,15.83209,0,-35.52026,43.51579,-16.73508,-35.16,43.152,-14.71,-35.52613,43.54129,-16.96311,355.5674,236.2194,5.639247,-4.433,-123.781,5.639,0,0,0,0,0,0,341.9319,224.2756,305.7118,-18.068,-135.724,-54.288,-35.16,43.152,-14.71,0,0,0,0,0,0
R_1234567890,Experiment,Trial2,Walk,Tutorial,Walk,0,Task0,0.5036428,0.2,0.3036428,13.6542,Far,-28.057,44.482,-5.3419,15.99581,0,-35.52067,43.51574,-16.73475,-35.16,43.152,-14.71,-35.52633,43.54115,-16.96315,355.5808,236.2175,5.628784,-4.419,-123.783,5.629,0,0,0,0,0,0,341.9289,224.271,305.7084,-18.071,-135.729,-54.292,-35.16,43.152,-14.71,0,0,0,0,0,0
R_1234567890,Experiment,Trial2,Walk,Tutorial,Walk,0,Task0,0.5036428,0.2,0.3036428,13.65396,Far,-28.057,44.482,-5.3419,16.14965,0,-35.52022,43.51572,-16.73476,-35.16,43.152,-14.71,-35.52585,43.54099,-16.96293,355.5651,236.2192,5.614038,-4.435,-123.781,5.614,0,0,0,0,0,0,341.8979,224.2798,305.7178,-18.102,-135.72,-54.282,-35.16,43.152,-14.71,0,0,0,0,0,0
R_1234567890,Experiment,Trial2,Walk,Tutorial,Walk,0,Task0,0.5036428,0.2,0.3036428,13.65437,Far,-28.057,44.482,-5.3419,16.28359,0,-35.52043,43.51579,-16.73512,-35.16,43.152,-14.71,-35.52617,43.54108,-16.96318,355.5656,236.2085,5.638148,-4.434,-123.791,5.638,0,0,0,0,0,0,341.9183,224.2662,305.7238,-18.082,-135.734,-54.276,-35.16,43.152,-14.71,0,0,0,0,0,0
R_1234567890,Experiment,Trial2,Walk,Tutorial,Walk,0,Task0,0.5036428,0.2,0.3036428,13.65417,Far,-28.057,44.482,-5.3419,16.41914,0,-35.52031,43.51573,-16.73495,-35.16,43.152,-14.71,-35.52621,43.5412,-16.96301,355.571,236.2177,5.621716,-4.429,-123.782,5.622,0,0,0,0,0,0,341.9075,224.2668,305.7133,-18.093,-135.733,-54.287,-35.16,43.152,-14.71,0,0,0,0,0,0
