userName,ExperimentState,ReflectionPhasePart,condition,elapsedTime,totalDistanceTraveled,headsetPosX,headsetPosY,headsetPosZ,ControllerLeftPosX,ControllerLeftPosY,ControllerLeftPosZ,ControllerRightPosX,ControllerRightPosY,ControllerRightPosZ,headsetRotEulerX,headsetRotEulerY,headsetRotEulerZ,headsetRotInspectorX,headsetRotInspectorY,headsetRotInspectorZ,controllerLeftRotEulerX,controllerLeftRotEulerY,controllerLeftRotEulerZ,controllerLeftRotInspectorX,controllerLeftRotInspectorY,controllerLefttRotInspectorZ,controllerRightRotEulerX,controllerRightRotEulerY,controllerRightRotEulerZ,controllerRightRotInspectorX,controllerRightRotInspectorY,controllerRighttRotInspectorZ,Task0IsVisible,Task1IsVisible,Task2IsVisible,Task3IsVisible,Task4IsVisible,Task5IsVisible,Task6IsVisible,Task7IsVisible,Task8IsVisible,Task9IsVisible,Task10IsVisible,Task11IsVisible,Task12IsVisible,Task13IsVisible,Task14IsVisible,Task15IsVisible,Task16IsVisible,Task17IsVisible,Task18IsVisible,Task19IsVisible,Task20IsVisible,Task21IsVisible,Task22IsVisible,Task23IsVisible,
R_1234567890,Reflective,Main,0.02,58.61352,-35.49861,43.51598,-16.78551,-35.16,43.152,-14.71,-35.16,43.152,-14.71,74.56846,135.1135,349.0881,74.568,135.114,-10.912,0,0,0,0,0,0,0,0,0,0,0,0,True,True,True,True,True,True,True,True,True,True,True,True,True,True,True,True,True,True,True,True,True,True,True,True,
R_1234567890,Reflective,Main,0.4823865,60.18096,-35.58079,44.77495,-15.85541,-35.0666,44.23042,-16.11098,-35.18343,44.21202,-16.20306,348.5216,137.0649,356.8867,-11.478,137.065,-3.113,333.0302,126.7431,345.6665,-26.97,126.743,-14.334,331.6472,153.299,318.5639,-28.353,153.299,-41.436,True,True,True,True,True,True,True,True,True,True,True,True,True,True,True,True,True,True,True,True,True,True,True,True,
R_1234567890,Reflective,Main,0.7743942,60.58131,-35.24526,44.59893,-15.80667,-35.0726,44.21109,-16.06389,-35.15197,44.21072,-16.14466,3.13732,113.8836,357.8668,3.137,113.884,-2.133,338.9445,118.5137,351.9066,-21.056,118.514,-8.093,334.5958,143.7551,327.1667,-25.404,143.755,-32.833,True,True,True,True,True,True,True,True,True,True,True,True,True,True,True,True,True,True,True,True,True,True,True,True,
R_1234567890,Reflective,Main,0.8877701,60.60373,-35.26005,44.60587,-15.79256,-35.07856,44.20972,-16.03458,-35.1347,44.21318,-16.11127,1.297756,108.8211,359.1498,1.298,108.821,-0.85,340.3086,113.2312,351.7092,-19.691,113.231,-8.291,335.7541,138.5642,327.7017,-24.246,138.564,-32.298,True,True,True,True,True,True,True,True,True,True,True,True,True,True,True,True,True,True,True,True,True,True,True,True,
R_1234567890,Reflective,Main,1.005287,60.62564,-35.28094,44.60778,-15.78738,-35.08615,44.20502,-16.0073,-35.13235,44.21171,-16.08417,1.078313,105.4686,0.9294722,1.078,105.469,0.929,341.845,109.575,352.3027,-18.155,109.575,-7.697001,336.8488,134.6228,329.0921,-23.151,134.623,-30.908,True,True,True,True,True,True,True,True,True,True,True,True,True,True,True,True,True,True,True,True,True,True,True,True,
R_1234567890,Reflective,Main,1.122938,60.65371,-35.30841,44.60889,-15.79118,-35.09528,44.18843,-15.98181,-35.13341,44.20359,-16.05651,0.6937164,106.1862,358.9689,0.694,106.186,-1.031,344.3274,107.3508,355.8497,-15.673,107.351,-4.15,337.7204,131.6144,333.481,-22.28,131.614,-26.519,True,True,True,True,True,True,True,True,True,True,True,True,True,True,True,True,True,True,True,True,True,True,True,True,
R_1234567890,Reflective,Main,1.245523,60.68175,-35.33599,44.60559,-15.79387,-35.10822,44.16784,-15.94807,-35.13863,44.19299,-16.02189,1.827853,106.9475,357.8012,1.828,106.948,-2.199,345.2957,103.8021,1.434445,-14.704,103.802,1.434,336.5614,127.3558,338.9937,-23.439,127.356,-21.006,True,True,True,True,True,True,True,True,True,True,True,True,True,True,True,True,True,True,True,True,True,True,True,True,
R_1234567890,Reflective,Main,1.361517,60.70205,-35.35401,44.60267,-15.78598,-35.11546,44.14551,-15.90188,-35.14112,44.17535,-15.97966,3.604079,104.8566,357.3524,3.604,104.857,-2.648,348.4202,99.31045,4.034275,-11.58,99.31001,4.034,338.3583,121.9394,342.8874,-21.642,121.939,-17.113,True,True,True,True,True,True,True,True,True,True,True,True,True,True,True,True,True,True,True,True,True,True,True,True,
R_1234567890,Reflective,Main,1.483245,60.72636,-35.37275,44.60165,-15.77059,-35.12148,44.1278,-15.83807,-35.14863,44.15565,-15.92725,6.968329,97.99207,358.0555,6.968,97.992,-1.945,350.8985,92.39951,3.918276,-9.102,92.4,3.918,340.6139,114.7131,343.8197,-19.386,114.713,-16.18,True,True,True,True,True,True,True,True,True,True,True,True,True,True,True,True,True,True,True,True,True,True,True,True,
R_1234567890,Reflective,Main,1.606174,60.7507,-35.39064,44.59857,-15.75447,-35.12851,44.12104,-15.77526,-35.14746,44.15206,-15.86834,9.768543,90.11015,357.4615,9.769,90.11,-2.538,351.5947,84.35159,6.146912,-8.405001,84.35201,6.147,340.2227,106.3506,345.9879,-19.777,106.351,-14.012,True,True,True,True,True,True,True,True,True,True,True,True,True,True,True,True,True,True,True,True,True,True,True,True,
R_1234567890,Reflective,Main,1.730309,60.77063,-35.40189,44.59461,-15.73874,-35.13247,44.12564,-15.72356,-35.14534,44.16088,-15.81539,11.73063,83.85955,357.634,11.731,83.86,-2.366,349.0409,78.72243,8.973465,-10.959,78.722,8.973001,336.7586,99.95044,349.0652,-23.241,99.95,-10.935,True,True,True,True,True,True,True,True,True,True,True,True,True,True,True,True,True,True,True,True,True,True,True,True,
R_1234567890,Reflective,Main,1.854513,60.79463,-35.40635,44.59041,-15.71563,-35.14127,44.12638,-15.6556,-35.14164,44.16549,-15.74852,12.95089,77.69883,356.9875,12.951,77.69901,-3.012,351.0096,69.43556,12.03132,-8.990001,69.436,12.031,335.9803,90.10555,351.8113,-24.02,90.106,-8.189,True,True,True,True,True,True,True,True,True,True,True,True,True,True,True,True,True,True,True,True,True,True,True,True,
R_1234567890,Reflective,Main,1.977723,60.83218,-35.41048,44.58806,-15.67851,-35.158,44.11964,-15.56723,-35.14301,44.17122,-15.67512,13.2709,69.73454,356.8321,13.271,69.735,-3.168,354.5959,57.68905,25.48891,-5.404,57.689,25.489,335.1653,80.70731,353.3892,-24.835,80.707,-6.611001,True,True,True,True,True,True,True,True,True,True,True,True,True,True,True,True,True,True,True,True,True,True,True,True,
R_1234567890,Reflective,Main,2.113477,60.89613,-35.41311,44.58657,-15.61466,-35.19416,44.10982,-15.44557,-35.14133,44.16138,-15.60408,12.76764,56.83865,356.1569,12.768,56.839,-3.843,352.4023,44.16113,19.60973,-7.598001,44.161,19.61,333.8548,74.38924,358.6389,-26.145,74.389,-1.361,True,True,True,True,True,True,True,True,True,True,True,True,True,True,True,True,True,True,True,True,True,True,True,True,
R_1234567890,Reflective,Main,2.248093,60.95599,-35.4151,44.5865,-15.55491,-35.27283,44.11789,-15.30466,-35.13172,44.09443,-15.54363,12.64674,49.24076,356.2573,12.647,49.241,-3.743,346.0827,35.65846,9.73061,-13.917,35.658,9.731001,345.6587,66.79691,11.21147,-14.341,66.797,11.211,True,True,True,True,True,True,True,True,True,True,True,True,True,True,True,True,True,True,True,True,True,True,True,True,
R_1234567890,Reflective,Main,2.394103,61.01081,-35.4156,44.5849,-15.50013,-35.38954,44.12872,-15.18316,-35.13434,44.04326,-15.50471,12.05857,43.57011,356.2736,12.059,43.57,-3.726,341.7332,20.14614,6.348292,-18.267,20.146,6.348001,350.856,62.6398,5.487624,-9.144,62.64,5.488,True,True,True,True,True,True,True,True,True,True,True,True,True,True,True,True,True,True,True,True,True,True,True,True,
R_1234567890,Reflective,Main,2.545461,61.05838,-35.4169,44.57969,-15.45297,-35.51204,44.1448,-15.11207,-35.14302,44.03129,-15.44442,13.02737,38.56099,355.1782,13.027,38.561,-4.822,338.5979,3.628366,8.775423,-21.402,3.628,8.775001,350.9061,55.92332,356.6509,-9.094001,55.923,-3.349,True,True,True,True,True,True,True,True,True,True,True,True,True,True,True,True,True,True,True,True,True,True,True,True,
R_1234567890,Reflective,Main,2.704544,61.08075,-35.42191,44.57692,-15.43154,-35.57809,44.15027,-15.0934,-35.15701,44.05129,-15.3769,15.15147,34.7844,354.9622,15.151,34.784,-5.038,339.1786,355.2007,8.15626,-20.821,-4.799,8.156,347.2643,50.42151,356.5065,-12.736,50.422,-3.494,True,True,True,True,True,True,True,True,True,True,True,True,True,True,True,True,True,True,True,True,True,True,True,True,
R_1234567890,Reflective,Main,2.84325,61.08562,-35.42456,44.57628,-15.43033,-35.60351,44.14884,-15.10781,-35.18029,44.07698,-15.3333,16.26558,31.53186,355.1594,16.266,31.532,-4.841,340.3018,352.0272,7.977397,-19.698,-7.973001,7.977,341.5078,43.70962,4.153684,-18.492,43.71,4.154,True,True,True,True,True,True,True,True,True,True,True,True,True,True,True,True,True,True,True,True,True,True,True,True,
R_1234567890,Reflective,Main,2.983041,61.09605,-35.42096,44.57847,-15.43955,-35.6163,44.14328,-15.13533,-35.19562,44.08009,-15.31218,15.67766,26.71807,354.729,15.678,26.718,-5.271,341.3115,349.4053,6.699212,-18.688,-10.595,6.699,341.2854,37.31005,3.46258,-18.715,37.31,3.463,True,True,True,True,True,True,True,True,True,True,True,True,True,True,True,True,True,True,True,True,True,True,True,True,
R_1234567890,Reflective,Main,3.126074,61.12578,-35.4052,44.57914,-15.46474,-35.62158,44.13859,-15.16804,-35.20212,44.07798,-15.31571,15.05763,20.90436,355.0803,15.058,20.904,-4.92,341.9653,346.3273,6.71975,-18.035,-13.673,6.72,340.8266,32.64772,356.4803,-19.173,32.648,-3.52,True,True,True,True,True,True,True,True,True,True,True,True,True,True,True,True,True,True,True,True,True,True,True,True,
R_1234567890,Reflective,Main,3.260913,61.15945,-35.38641,44.58471,-15.49196,-35.62344,44.14438,-15.20354,-35.19378,44.07706,-15.33313,13.16647,16.67306,355.1225,13.166,16.673,-4.878,340.3217,342.194,5.991448,-19.678,-17.806,5.991,341.6861,28.9676,351.078,-18.314,28.968,-8.922001,True,True,True,True,True,True,True,True,True,True,True,True,True,True,True,True,True,True,True,True,True,True,True,True,
R_1234567890,Reflective,Main,3.400857,61.19609,-35.36477,44.58287,-15.52142,-35.62358,44.14983,-15.24082,-35.17635,44.07599,-15.35964,12.22569,13.71176,354.6057,12.226,13.712,-5.394,339.3415,338.1237,6.368001,-20.658,-21.876,6.368001,340.9187,26.96332,347.9598,-19.081,26.963,-12.04,True,True,True,True,True,True,True,True,True,True,True,True,True,True,True,True,True,True,True,True,True,True,True,True,
R_1234567890,Reflective,Main,3.564454,61.23368,-35.34197,44.58261,-15.55116,-35.64545,44.15869,-15.29322,-35.1535,44.06451,-15.38773,10.98962,8.874698,354.148,10.99,8.875,-5.852,337.4942,329.1792,8.955755,-22.506,-30.821,8.956,342.1036,26.92825,342.4962,-17.896,26.928,-17.504,True,True,True,True,True,True,True,True,True,True,True,True,True,True,True,True,True,True,True,True,True,True,True,True,
R_1234567890,Reflective,Main,3.700862,61.2524,-35.33011,44.58482,-15.5653,-35.67443,44.16264,-15.33336,-35.13997,44.05391,-15.40275,10.29981,4.102293,353.2013,10.3,4.102,-6.799,338.2916,321.7472,9.75391,-21.708,-38.253,9.754001,343.8759,27.49519,340.2332,-16.124,27.495,-19.767,True,True,True,True,True,True,True,True,True,True,True,True,True,True,True,True,True,True,True,True,True,True,True,True,
R_1234567890,Reflective,Main,3.838307,61.26304,-35.33449,44.58458,-15.57459,-35.70148,44.16971,-15.36602,-35.13022,44.03751,-15.4113,9.758179,353.9919,351.9173,9.758,-6.008,-8.083,337.5804,317.228,8.13217,-22.42,-42.772,8.132,346.1221,28.52642,341.7836,-13.878,28.526,-18.216,True,True,True,True,True,True,True,True,True,True,True,True,True,True,True,True,True,True,True,True,True,True,True,True,
R_1234567890,Reflective,Main,4.005469,61.27479,-35.34244,44.5863,-15.583,-35.72939,44.17956,-15.39719,-35.13402,44.02499,-15.41137,9.401515,348.2593,351.6455,9.402,-11.741,-8.354,336.3529,313.235,6.512904,-23.647,-46.765,6.513,348.1618,27.70468,348.2966,-11.838,27.705,-11.703,True,True,True,True,True,True,True,True,True,True,True,True,True,True,True,True,True,True,True,True,True,True,True,True,
R_1234567890,Reflective,Main,4.153454,61.28918,-35.35624,44.58764,-15.58629,-35.74707,44.17987,-15.41172,-35.14353,44.02291,-15.4072,8.989491,344.9396,352.0577,8.989,-15.06,-7.942,336.5695,311.1509,5.912309,-23.431,-48.849,5.912,347.0363,27.99086,1.90653,-12.964,27.991,1.907,True,True,True,True,True,True,True,True,True,True,True,True,True,True,True,True,True,True,True,True,True,True,True,True,
R_1234567890,Reflective,Main,4.310649,61.31547,-35.38245,44.5887,-15.58459,-35.76797,44.1786,-15.41792,-35.15728,44.01583,-15.40175,8.6825,342.6768,352.3523,8.683001,-17.323,-7.648,336.8573,310.4685,5.661607,-23.143,-49.531,5.662,348.3084,29.53454,5.020609,-11.692,29.535,5.021,True,True,True,True,True,True,True,True,True,True,True,True,True,True,True,True,True,True,True,True,True,True,True,True,
R_1234567890,Reflective,Main,4.477119,61.3605,-35.42734,44.58799,-15.58138,-35.8023,44.17253,-15.41874,-35.19478,44.01621,-15.3999,8.567486,339.6984,352.6258,8.567,-20.302,-7.374001,337.8353,309.777,5.628067,-22.165,-50.223,5.628,344.4566,27.41347,7.425412,-15.543,27.413,7.425,True,True,True,True,True,True,True,True,True,True,True,True,True,True,True,True,True,True,True,True,True,True,True,True,
R_1234567890,Reflective,Main,4.625094,61.42887,-35.4955,44.58637,-15.57635,-35.84893,44.16549,-15.41121,-35.24432,44.01664,-15.39445,8.220966,338.2388,353.2621,8.221001,-21.761,-6.738,338.3609,309.3615,3.286704,-21.639,-50.638,3.287,346.5663,23.48539,3.750811,-13.434,23.485,3.751,True,True,True,True,True,True,True,True,True,True,True,True,True,True,True,True,True,True,True,True,True,True,True,True,
R_1234567890,Reflective,Main,4.78313,61.52054,-35.58645,44.58779,-15.56599,-35.90869,44.15978,-15.3925,-35.31196,44.02411,-15.38735,8.003925,339.1419,353.4384,8.004001,-20.858,-6.562,335.7969,312.0217,0.08974894,-24.203,-47.978,0.09,345.2193,23.22807,357.9594,-14.781,23.228,-2.041,True,True,True,True,True,True,True,True,True,True,True,True,True,True,True,True,True,True,True,True,True,True,True,True,
R_1234567890,Reflective,Main,4.946795,61.5984,-35.66342,44.58529,-15.55524,-35.96691,44.15596,-15.36675,-35.38924,44.03228,-15.38227,8.277558,342.3806,353.6532,8.278001,-17.619,-6.347,335.8438,316.029,1.430178,-24.156,-43.971,1.43,345.473,24.76312,355.9695,-14.527,24.763,-4.03,True,True,True,True,True,True,True,True,True,True,True,True,True,True,True,True,True,True,True,True,True,True,True,True,
R_1234567890,Reflective,Main,5.109261,61.64825,-35.71317,44.58553,-15.55383,-36.00577,44.15373,-15.34322,-35.45461,44.04338,-15.38044,8.771978,341.4979,353.9901,8.772,-18.502,-6.01,336.9625,319.5766,2.876564,-23.037,-40.423,2.877,343.7387,22.9167,356.4057,-16.261,22.917,-3.594,True,True,True,True,True,True,True,True,True,True,True,True,True,True,True,True,True,True,True,True,True,True,True,True,
R_1234567890,Reflective,Main,5.243552,61.67581,-35.7406,44.58328,-15.55397,-36.01902,44.15208,-15.32823,-35.49087,44.0574,-15.38005,8.797872,339.9058,353.4798,8.798,-20.094,-6.52,337.0837,322.4525,4.515616,-22.916,-37.547,4.516,341.2436,20.5125,355.0834,-18.756,20.512,-4.917,True,True,True,True,True,True,True,True,True,True,True,True,True,True,True,True,True,True,True,True,True,True,True,True,
R_1234567890,Reflective,Main,5.379218,61.69402,-35.75854,44.58387,-15.55666,-36.02207,44.14931,-15.31639,-35.51571,44.06936,-15.37839,8.535666,337.6629,354.0139,8.536,-22.337,-5.986,336.5281,325.2166,4.42225,-23.472,-34.783,4.422,340.9931,19.61626,350.6968,-19.007,19.616,-9.303,True,True,True,True,True,True,True,True,True,True,True,True,True,True,True,True,True,True,True,True,True,True,True,True,
R_1234567890,Reflective,Main,5.513625,61.70248,-35.76534,44.58359,-15.56073,-36.02252,44.14645,-15.30917,-35.54208,44.07639,-15.37184,8.417936,335.5325,353.8629,8.418,-24.467,-6.137,336.3999,326.6352,3.232093,-23.6,-33.365,3.232,343.1667,15.94122,347.1894,-16.833,15.941,-12.811,True,True,True,True,True,True,True,True,True,True,True,True,True,True,True,True,True,True,True,True,True,True,True,True,
R_1234567890,Reflective,Main,5.656688,61.71222,-35.75911,44.58295,-15.5674,-36.02164,44.14869,-15.30979,-35.59178,44.08348,-15.36221,8.267536,334.4227,354.225,8.268001,-25.577,-5.775,335.2656,325.9879,1.134648,-24.734,-34.012,1.135,343.2107,3.052024,352.8594,-16.789,3.052,-7.141,True,True,True,True,True,True,True,True,True,True,True,True,True,True,True,True,True,True,True,True,True,True,True,True,
R_1234567890,Reflective,Main,5.797073,61.73159,-35.74059,44.58368,-15.57274,-36.0164,44.15681,-15.3177,-35.6403,44.09526,-15.36295,8.186704,333.3935,353.8317,8.187,-26.606,-6.168,334.0061,324.4899,359.253,-25.994,-35.51,-0.747,340.2184,347.6768,0.5293241,-19.782,-12.323,0.529,True,True,True,True,True,True,True,True,True,True,True,True,True,True,True,True,True,True,True,True,True,True,True,True,
R_1234567890,Reflective,Main,5.934673,61.76367,-35.70865,44.58251,-15.57494,-36.00626,44.16208,-15.32777,-35.66125,44.1083,-15.36921,8.513414,334.5221,352.9788,8.513,-25.478,-7.021,333.917,322.2061,359.1258,-26.083,-37.794,-0.874,336.1201,338.9636,3.559639,-23.88,-21.036,3.56,True,True,True,True,True,True,True,True,True,True,True,True,True,True,True,True,True,True,True,True,True,True,True,True,
R_1234567890,Reflective,Main,6.082717,61.81788,-35.65464,44.58393,-15.5712,-35.98191,44.16134,-15.34241,-35.64169,44.1179,-15.37442,9.508984,341.2947,352.9417,9.509001,-18.705,-7.058001,334.745,319.8149,359.0243,-25.255,-40.185,-0.9760001,333.1709,338.0116,0.1209962,-26.829,-21.988,0.121,True,True,True,True,True,True,True,True,True,True,True,True,True,True,True,True,True,True,True,True,True,True,True,True,
R_1234567890,Reflective,Main,6.240775,61.87075,-35.60195,44.58092,-15.56975,-35.94895,44.15329,-15.36067,-35.59057,44.12896,-15.37867,10.58994,346.7247,352.2435,10.59,-13.275,-7.756001,337.2493,317.4614,359.8828,-22.751,-42.539,-0.117,329.0152,342.9477,3.789362,-30.985,-17.052,3.789,True,True,True,True,True,True,True,True,True,True,True,True,True,True,True,True,True,True,True,True,True,True,True,True,
R_1234567890,Reflective,Main,6.378767,61.91017,-35.56327,44.57608,-15.57508,-35.91998,44.14366,-15.37676,-35.53103,44.16059,-15.37194,11.87103,351.7706,352.2994,11.871,-8.229,-7.701,338.9201,316.5055,359.8667,-21.08,-43.495,-0.133,324.4223,353.8052,7.121089,-35.578,-6.195,7.121,True,True,True,True,True,True,True,True,True,True,True,True,True,True,True,True,True,True,True,True,True,True,True,True,
R_1234567890,Reflective,Main,6.518949,61.94151,-35.53446,44.57271,-15.58675,-35.8942,44.13537,-15.39172,-35.46211,44.23403,-15.38054,11.81282,357.0482,352.5674,11.813,-2.952,-7.433001,340.2846,315.9742,0.3370601,-19.715,-44.026,0.337,307.8352,5.950768,1.982822,-52.165,5.951,1.983,True,True,True,True,True,True,True,True,True,True,True,True,True,True,True,True,True,True,True,True,True,True,True,True,
R_1234567890,Reflective,Main,6.670122,61.96584,-35.51425,44.57273,-15.60023,-35.87904,44.13163,-15.40313,-35.40678,44.27664,-15.38569,10.8587,2.539729,352.913,10.859,2.54,-7.087,341.4138,314.8487,1.711629,-18.586,-45.151,1.712,303.0455,13.18233,357.0469,-56.954,13.182,-2.953,True,True,True,True,True,True,True,True,True,True,True,True,True,True,True,True,True,True,True,True,True,True,True,True,
R_1234567890,Reflective,Main,6.813283,61.97828,-35.507,44.5725,-15.61019,-35.87226,44.1318,-15.40767,-35.36675,44.27496,-15.38955,10.40975,5.582953,352.8176,10.41,5.583,-7.182,341.0958,315.0961,1.819462,-18.904,-44.904,1.819,307.9563,20.3186,348.9603,-52.044,20.319,-11.04,True,True,True,True,True,True,True,True,True,True,True,True,True,True,True,True,True,True,True,True,True,True,True,True,
R_1234567890,Reflective,Main,6.971704,61.98447,-35.50722,44.57077,-15.61596,-35.8689,44.13256,-15.41131,-35.3505,44.23957,-15.38949,10.52715,7.142383,352.834,10.527,7.142,-7.166,340.4787,315.7299,1.457895,-19.521,-44.27,1.458,316.5076,20.05795,350.7824,-43.492,20.058,-9.218,True,True,True,True,True,True,True,True,True,True,True,True,True,True,True,True,True,True,True,True,True,True,True,True,
R_1234567890,Reflective,Main,7.103875,61.98856,-35.51061,44.57178,-15.61567,-35.86823,44.12738,-15.41128,-35.33878,44.15997,-15.37852,10.97725,8.699548,352.7609,10.977,8.700001,-7.239,341.0399,316.7023,0.5649874,-18.96,-43.298,0.565,339.1248,21.1945,349.0959,-20.875,21.194,-10.904,True,True,True,True,True,True,True,True,True,True,True,True,True,True,True,True,True,True,True,True,True,True,True,True,
R_1234567890,Reflective,Main,7.269394,62.00253,-35.51809,44.56594,-15.60615,-35.87461,44.11686,-15.4094,-35.35668,43.98085,-15.39835,14.86453,11.12241,352.8553,14.865,11.122,-7.145,343.4749,317.319,359.3847,-16.525,-42.681,-0.615,20.6495,20.87966,349.1727,20.65,20.88,-10.827,True,True,True,True,True,True,True,True,True,True,True,True,True,True,True,True,True,True,True,True,True,True,True,True,
R_1234567890,Reflective,Main,7.405262,62.01925,-35.52441,44.55777,-15.59336,-35.88101,44.1092,-15.40521,-35.39239,43.87181,-15.43038,19.9513,14.00412,352.8109,19.951,14.004,-7.189,345.1833,318.9971,357.8903,-14.817,-41.003,-2.11,47.92675,18.37556,348.0947,47.927,18.376,-11.905,True,True,True,True,True,True,True,True,True,True,True,True,True,True,True,True,True,True,True,True,True,True,True,True,
R_1234567890,Reflective,Main,7.539258,62.03568,-35.53503,44.55912,-15.58103,-35.8899,44.10423,-15.40059,-35.41105,43.86737,-15.41606,20.88232,14.7229,352.769,20.882,14.723,-7.231,347.0975,320.5004,356.4211,-12.903,-39.5,-3.579,50.53949,16.41121,347.628,50.539,16.411,-12.372,True,True,True,True,True,True,True,True,True,True,True,True,True,True,True,True,True,True,True,True,True,True,True,True,
R_1234567890,Reflective,Main,7.696945,62.05481,-35.54989,44.55901,-15.56907,-35.90311,44.10065,-15.39251,-35.42017,43.8814,-15.39062,21.78573,15.94913,353.2495,21.786,15.949,-6.75,348.0829,321.3199,355.5094,-11.917,-38.68,-4.491,48.70525,18.52132,349.0923,48.705,18.521,-10.908,True,True,True,True,True,True,True,True,True,True,True,True,True,True,True,True,True,True,True,True,True,True,True,True,
R_1234567890,Reflective,Main,7.849357,62.07434,-35.5668,44.56743,-15.56685,-35.9189,44.10896,-15.39332,-35.43733,43.88257,-15.39486,22.84517,16.4918,353.8503,22.845,16.492,-6.15,348.6533,321.7557,355.3208,-11.347,-38.244,-4.679,51.92732,18.69781,348.5711,51.927,18.698,-11.429,True,True,True,True,True,True,True,True,True,True,True,True,True,True,True,True,True,True,True,True,True,True,True,True,
R_1234567890,Reflective,Main,8.009271,62.09489,-35.58522,44.57635,-15.56595,-35.93259,44.1167,-15.39555,-35.45222,43.88395,-15.40414,23.94726,17.07236,354.1879,23.947,17.072,-5.812,349.2032,322.468,354.7472,-10.797,-37.532,-5.253,53.71026,19.60508,349.1414,53.71,19.605,-10.859,True,True,True,True,True,True,True,True,True,True,True,True,True,True,True,True,True,True,True,True,True,True,True,True,
R_1234567890,Reflective,Main,8.16682,62.11201,-35.59746,44.58704,-15.56995,-35.94179,44.12552,-15.39742,-35.46246,43.90003,-15.40718,24.87619,18.35751,354.6179,24.876,18.358,-5.382,349.7485,323.3824,354.5186,-10.251,-36.618,-5.481,53.51892,20.74119,349.364,53.519,20.741,-10.636,True,True,True,True,True,True,True,True,True,True,True,True,True,True,True,True,True,True,True,True,True,True,True,True,
R_1234567890,Reflective,Main,8.329954,62.1334,-35.60812,44.60181,-15.5806,-35.94712,44.14182,-15.4035,-35.46569,43.93707,-15.40301,26.05577,19.45641,354.9519,26.056,19.456,-5.048,349.9567,324.8297,354.4338,-10.043,-35.17,-5.566,52.48112,24.33385,350.7317,52.481,24.334,-9.268001,True,True,True,True,True,True,True,True,True,True,True,True,True,True,True,True,True,True,True,True,True,True,True,True,
R_1234567890,Reflective,Main,8.480193,62.16674,-35.62025,44.62637,-15.59947,-35.95342,44.16584,-15.41491,-35.47189,43.97999,-15.40656,26.41954,20.32411,354.861,26.42,20.324,-5.139,350.2939,326.2719,354.4412,-9.706,-33.728,-5.559,50.768,24.65565,348.8907,50.768,24.656,-11.109,True,True,True,True,True,True,True,True,True,True,True,True,True,True,True,True,True,True,True,True,True,True,True,True,
R_1234567890,Reflective,Main,8.649611,62.22021,-35.63618,44.66706,-15.63026,-35.96591,44.20764,-15.44118,-35.48304,44.0246,-15.43333,26.29609,20.27032,354.6975,26.296,20.27,-5.303,350.2272,327.1188,354.4785,-9.773001,-32.881,-5.522,50.62246,27.1217,351.7368,50.622,27.122,-8.263,True,True,True,True,True,True,True,True,True,True,True,True,True,True,True,True,True,True,True,True,True,True,True,True,
R_1234567890,Reflective,Main,8.813849,62.28774,-35.65432,44.71988,-15.66819,-35.98532,44.26037,-15.47771,-35.50018,44.0737,-15.47226,26.24574,20.41312,354.5792,26.246,20.413,-5.421,350.4428,327.2423,354.3334,-9.557,-32.758,-5.667,51.67566,27.89095,351.9165,51.676,27.891,-8.084001,True,True,True,True,True,True,True,True,True,True,True,True,True,True,True,True,True,True,True,True,True,True,True,True,
R_1234567890,Reflective,Main,8.980596,62.3643,-35.67461,44.77954,-15.71162,-36.00719,44.32085,-15.51941,-35.52198,44.13182,-15.51517,26.34861,20.44404,354.347,26.349,20.444,-5.653,350.4286,327.3627,354.1513,-9.571,-32.637,-5.849,51.98464,27.60871,351.6444,51.985,27.609,-8.356,True,True,True,True,True,True,True,True,True,True,True,True,True,True,True,True,True,True,True,True,True,True,True,True,
R_1234567890,Reflective,Main,9.145518,62.44475,-35.69569,44.84267,-15.75681,-36.02731,44.38389,-15.56247,-35.54403,44.19253,-15.56022,26.18895,20.49238,354.2064,26.189,20.492,-5.794,350.4936,327.5638,354.2217,-9.506001,-32.436,-5.778,52.63851,26.71171,350.2248,52.639,26.712,-9.775001,True,True,True,True,True,True,True,True,True,True,True,True,True,True,True,True,True,True,True,True,True,True,True,True,
R_1234567890,Reflective,Main,9.282034,62.51077,-35.71356,44.89455,-15.79352,-36.04432,44.43538,-15.59906,-35.56033,44.24186,-15.59842,26.03716,20.34718,354.212,26.037,20.347,-5.788,350.6024,327.6061,354.1337,-9.398001,-32.394,-5.866,53.14351,26.38824,349.4283,53.144,26.388,-10.572,True,True,True,True,True,True,True,True,True,True,True,True,True,True,True,True,True,True,True,True,True,True,True,True,
R_1234567890,Reflective,Main,9.41568,62.57711,-35.73147,44.94648,-15.8307,-36.06259,44.48634,-15.63526,-35.57723,44.29195,-15.63604,25.84264,20.35096,354.2844,25.843,20.351,-5.716,350.7657,327.4729,354.1518,-9.234,-32.527,-5.848,53.47766,26.16399,348.8951,53.478,26.164,-11.105,True,True,True,True,True,True,True,True,True,True,True,True,True,True,True,True,True,True,True,True,True,True,True,True,
R_1234567890,Reflective,Main,9.549042,62.64373,-35.75019,44.99847,-15.8679,-36.07941,44.53736,-15.6711,-35.59425,44.34248,-15.67354,25.65571,20.33765,354.29,25.656,20.338,-5.71,350.8745,327.5519,354.26,-9.125,-32.448,-5.74,53.53994,26.27902,348.9254,53.54,26.279,-11.075,True,True,True,True,True,True,True,True,True,True,True,True,True,True,True,True,True,True,True,True,True,True,True,True,
R_1234567890,Reflective,Main,9.686434,62.71187,-35.76915,45.05191,-15.90568,-36.09698,44.59092,-15.70718,-35.61238,44.3951,-15.71188,25.32134,20.26512,354.4251,25.321,20.265,-5.575,350.7684,327.785,354.3123,-9.232,-32.215,-5.688,53.64915,26.29686,348.805,53.649,26.297,-11.195,True,True,True,True,True,True,True,True,True,True,True,True,True,True,True,True,True,True,True,True,True,True,True,True,
R_1234567890,Reflective,Main,9.835633,62.78725,-35.79031,45.11066,-15.9479,-36.11681,44.64937,-15.74725,-35.63242,44.45325,-15.75338,25.02834,20.22908,354.4543,25.028,20.229,-5.546,350.6815,327.8871,354.3973,-9.318001,-32.113,-5.603,53.71924,26.17139,348.6274,53.719,26.171,-11.373,True,True,True,True,True,True,True,True,True,True,True,True,True,True,True,True,True,True,True,True,True,True,True,True,
R_1234567890,Reflective,Main,9.97261,62.85498,-35.80886,45.16363,-15.9858,-36.1348,44.70182,-15.78377,-35.65037,44.50551,-15.79132,24.84624,20.31391,354.4585,24.846,20.314,-5.542,350.7389,327.9061,354.3964,-9.261001,-32.094,-5.604,53.71204,26.19898,348.5632,53.712,26.199,-11.437,True,True,True,True,True,True,True,True,True,True,True,True,True,True,True,True,True,True,True,True,True,True,True,True,
R_1234567890,Reflective,Main,10.12471,62.92884,-35.82879,45.22258,-16.02559,-36.15417,44.76073,-15.82359,-35.67116,44.56373,-15.83255,24.77121,20.35406,354.5448,24.771,20.354,-5.455,350.7821,327.988,354.4485,-9.218,-32.012,-5.552,53.85379,25.97136,348.4042,53.854,25.971,-11.596,True,True,True,True,True,True,True,True,True,True,True,True,True,True,True,True,True,True,True,True,True,True,True,True,
R_1234567890,Reflective,Main,10.27988,63.00256,-35.84834,45.28189,-16.06474,-36.17302,44.81981,-15.86383,-35.69172,44.62261,-15.87343,24.97945,20.23553,354.5676,24.979,20.236,-5.432,350.9012,328.1499,354.2757,-9.099,-31.85,-5.724,53.99883,25.82356,348.4918,53.999,25.824,-11.508,True,True,True,True,True,True,True,True,True,True,True,True,True,True,True,True,True,True,True,True,True,True,True,True,
R_1234567890,Reflective,Main,10.41842,63.06926,-35.86552,45.33589,-16.09991,-36.18991,44.87236,-15.89943,-35.70917,44.67677,-15.90863,24.86096,20.04462,354.71,24.861,20.045,-5.29,351.1239,328.022,354.284,-8.876,-31.978,-5.716,53.93346,25.46556,348.3559,53.933,25.466,-11.644,True,True,True,True,True,True,True,True,True,True,True,True,True,True,True,True,True,True,True,True,True,True,True,True,
R_1234567890,Reflective,Main,10.56926,63.14164,-35.88359,45.39438,-16.13853,-36.20733,44.93067,-15.93746,-35.72751,44.73491,-15.94675,24.63321,20.03039,354.6866,24.633,20.03,-5.313,351.1221,328.1507,354.2967,-8.878,-31.849,-5.703,53.94348,25.08631,348.0186,53.943,25.086,-11.981,True,True,True,True,True,True,True,True,True,True,True,True,True,True,True,True,True,True,True,True,True,True,True,True,
R_1234567890,Reflective,Main,10.73463,63.22086,-35.90289,45.45837,-16.18106,-36.22665,44.99593,-15.97811,-35.74808,44.79931,-15.98748,24.63232,20.01306,354.6854,24.632,20.013,-5.315,350.9474,328.1296,354.3737,-9.053,-31.87,-5.626,53.92557,24.8112,347.9576,53.926,24.811,-12.042,True,True,True,True,True,True,True,True,True,True,True,True,True,True,True,True,True,True,True,True,True,True,True,True,
R_1234567890,Reflective,Main,10.86784,63.28511,-35.9184,45.51017,-16.21574,-36.24137,45.04813,-16.01122,-35.76387,44.85118,-16.02083,24.41873,20.19087,354.7122,24.419,20.191,-5.288,350.8593,328.2256,354.3801,-9.141001,-31.774,-5.62,53.77872,24.63417,347.8798,53.779,24.634,-12.12,True,True,True,True,True,True,True,True,True,True,True,True,True,True,True,True,True,True,True,True,True,True,True,True,
R_1234567890,Reflective,Main,11.00054,63.34945,-35.93435,45.56211,-16.25018,-36.25633,45.09983,-16.04431,-35.77994,44.90205,-16.05423,24.12044,20.17845,354.6089,24.12,20.178,-5.391,350.7774,328.4044,354.3882,-9.223001,-31.596,-5.612,53.69279,24.51756,347.9928,53.693,24.518,-12.007,True,True,True,True,True,True,True,True,True,True,True,True,True,True,True,True,True,True,True,True,True,True,True,True,
R_1234567890,Reflective,Main,11.16594,63.4285,-35.95379,45.62577,-16.29284,-36.2759,45.16333,-16.08669,-35.80035,44.96566,-16.09698,24.07491,20.27004,354.6285,24.075,20.27,-5.371,350.8541,328.3476,354.3679,-9.146001,-31.652,-5.632,53.74021,24.12379,347.7578,53.74,24.124,-12.242,True,True,True,True,True,True,True,True,True,True,True,True,True,True,True,True,True,True,True,True,True,True,True,True,
R_1234567890,Reflective,Main,11.29624,63.49067,-35.96899,45.67594,-16.32624,-36.29047,45.2132,-16.11954,-35.81582,45.01521,-16.13091,24.0727,20.45938,354.8942,24.073,20.459,-5.106,350.9179,328.5136,354.3538,-9.082001,-31.486,-5.646,53.83625,24.12918,347.8903,53.836,24.129,-12.11,True,True,True,True,True,True,True,True,True,True,True,True,True,True,True,True,True,True,True,True,True,True,True,True,
R_1234567890,Reflective,Main,11.43573,63.55718,-35.98554,45.72965,-16.36181,-36.30624,45.26692,-16.15506,-35.83229,45.06882,-16.16712,24.10936,20.46745,354.9413,24.109,20.467,-5.059,350.9651,328.5585,354.4297,-9.035001,-31.441,-5.57,53.91795,24.04134,347.7819,53.918,24.041,-12.218,True,True,True,True,True,True,True,True,True,True,True,True,True,True,True,True,True,True,True,True,True,True,True,True,
R_1234567890,Reflective,Main,11.58218,63.62754,-36.00266,45.78614,-16.40008,-36.32353,45.32267,-16.19344,-35.84874,45.12484,-16.20588,24.03566,20.47928,354.8848,24.036,20.479,-5.115,351.0852,328.5165,354.4306,-8.915,-31.484,-5.569,53.95489,24.10856,347.8158,53.955,24.109,-12.184,True,True,True,True,True,True,True,True,True,True,True,True,True,True,True,True,True,True,True,True,True,True,True,True,
R_1234567890,Reflective,Main,11.74659,63.70591,-36.02223,45.84922,-16.44226,-36.34386,45.38586,-16.23648,-35.86853,45.18784,-16.24867,24.1922,20.44644,354.8459,24.192,20.446,-5.154,351.0809,328.364,354.3993,-8.919001,-31.636,-5.601,54.01056,24.08595,347.8819,54.011,24.086,-12.118,True,True,True,True,True,True,True,True,True,True,True,True,True,True,True,True,True,True,True,True,True,True,True,True,
R_1234567890,Reflective,Main,11.87923,63.77031,-36.03846,45.90051,-16.47766,-36.36023,45.43695,-16.27177,-35.88507,45.2392,-16.28338,24.25753,20.259,354.8467,24.258,20.259,-5.153,351.1783,328.2008,354.4419,-8.822001,-31.799,-5.558,54.00433,23.82345,347.7557,54.004,23.823,-12.244,True,True,True,True,True,True,True,True,True,True,True,True,True,True,True,True,True,True,True,True,True,True,True,True,
R_1234567890,Reflective,Main,12.01426,63.83611,-36.05459,45.95287,-16.5141,-36.37626,45.48915,-16.30787,-35.90117,45.29098,-16.31889,24.16861,20.19364,354.7512,24.169,20.194,-5.249,351.1529,328.2126,354.4452,-8.847,-31.787,-5.555,54.00227,23.73577,347.825,54.002,23.736,-12.175,True,True,True,True,True,True,True,True,True,True,True,True,True,True,True,True,True,True,True,True,True,True,True,True,
R_1234567890,Reflective,Main,12.16095,63.90746,-36.07154,46.00967,-16.55382,-36.39411,45.54585,-16.34689,-35.91859,45.348,-16.35765,24.06293,20.31093,354.7499,24.063,20.311,-5.25,351.1526,328.0389,354.5026,-8.847,-31.961,-5.497,53.99749,23.5984,347.7279,53.997,23.598,-12.272,True,True,True,True,True,True,True,True,True,True,True,True,True,True,True,True,True,True,True,True,True,True,True,True,
R_1234567890,Reflective,Main,12.29531,63.97243,-36.08714,46.0614,-16.5899,-36.40884,45.59784,-16.38254,-35.93396,45.39996,-16.39407,24.20367,20.32008,354.7131,24.204,20.32,-5.287,351.1797,328.1507,354.5507,-8.820001,-31.849,-5.449,54.04714,23.563,347.6569,54.047,23.563,-12.343,True,True,True,True,True,True,True,True,True,True,True,True,True,True,True,True,True,True,True,True,True,True,True,True,
R_1234567890,Reflective,Main,12.43149,64.03829,-36.10251,46.11409,-16.62629,-36.42408,45.65038,-16.41827,-35.94946,45.45258,-16.43054,24.23439,20.51677,354.7275,24.234,20.517,-5.272,351.207,328.194,354.555,-8.793,-31.806,-5.445,54.0694,23.56219,347.583,54.069,23.562,-12.417,True,True,True,True,True,True,True,True,True,True,True,True,True,True,True,True,True,True,True,True,True,True,True,True,
R_1234567890,Reflective,Main,12.56546,64.10281,-36.11769,46.16567,-16.66195,-36.43879,45.70197,-16.45358,-35.96437,45.50398,-16.46691,24.30773,20.55661,354.659,24.308,20.557,-5.341,351.2454,328.3449,354.5404,-8.755,-31.655,-5.46,54.12369,23.72009,347.6857,54.124,23.72,-12.314,True,True,True,True,True,True,True,True,True,True,True,True,True,True,True,True,True,True,True,True,True,True,True,True,
R_1234567890,Reflective,Main,12.70137,64.16845,-36.1331,46.21807,-16.69832,-36.45415,45.75442,-16.48972,-35.9798,45.55654,-16.50359,24.44544,20.62391,354.6652,24.445,20.624,-5.335,351.2991,328.3534,354.586,-8.701,-31.647,-5.414,54.16948,23.59467,347.4886,54.169,23.595,-12.511,True,True,True,True,True,True,True,True,True,True,True,True,True,True,True,True,True,True,True,True,True,True,True,True,
R_1234567890,Reflective,Main,12.83776,64.23406,-36.14856,46.27065,-16.73442,-36.46935,45.80749,-16.52557,-35.99539,45.60884,-16.54021,24.47194,20.72695,354.6114,24.472,20.727,-5.389,351.2503,328.5732,354.5192,-8.75,-31.427,-5.481,54.23527,23.65005,347.4464,54.235,23.65,-12.554,True,True,True,True,True,True,True,True,True,True,True,True,True,True,True,True,True,True,True,True,True,True,True,True,
R_1234567890,Reflective,Main,12.97662,64.30129,-36.1645,46.32433,-16.7716,-36.48597,45.86169,-16.56223,-36.0119,45.66257,-16.57742,24.56605,20.79361,354.606,24.566,20.794,-5.394,351.2279,328.4413,354.5319,-8.772,-31.559,-5.468,54.25416,23.43941,347.2851,54.254,23.439,-12.715,True,True,True,True,True,True,True,True,True,True,True,True,True,True,True,True,True,True,True,True,True,True,True,True,
R_1234567890,Reflective,Main,13.13086,64.37643,-36.18254,46.38432,-16.81308,-36.50281,45.92118,-16.60235,-36.02955,45.72243,-16.61837,24.43365,20.92959,354.5753,24.434,20.93,-5.425,351.2112,328.6277,354.5892,-8.789001,-31.372,-5.411,54.25246,23.42498,347.1647,54.252,23.425,-12.835,True,True,True,True,True,True,True,True,True,True,True,True,True,True,True,True,True,True,True,True,True,True,True,True,
R_1234567890,Reflective,Main,13.28031,64.44913,-36.19986,46.44236,-16.85327,-36.51913,45.97961,-16.64122,-36.0456,45.78103,-16.65803,24.37906,21.09029,354.6131,24.379,21.09,-5.387,351.1256,328.7034,354.7259,-8.874001,-31.297,-5.274,54.19869,23.635,347.3798,54.199,23.635,-12.62,True,True,True,True,True,True,True,True,True,True,True,True,True,True,True,True,True,True,True,True,True,True,True,True,
R_1234567890,Reflective,Main,13.41723,64.51523,-36.21577,46.49533,-16.88947,-36.53434,46.0321,-16.67652,-36.06007,45.83447,-16.69403,24.44109,21.15437,354.6417,24.441,21.154,-5.358,351.2035,328.7116,354.7712,-8.797001,-31.288,-5.229,54.11882,23.68154,347.3366,54.119,23.682,-12.663,True,True,True,True,True,True,True,True,True,True,True,True,True,True,True,True,True,True,True,True,True,True,True,True,
R_1234567890,Reflective,Main,13.55922,64.58367,-36.23121,46.55039,-16.92707,-36.54852,46.08752,-16.71244,-36.07547,45.88996,-16.73157,24.38264,21.48382,354.832,24.383,21.484,-5.168,351.0765,328.9701,354.7596,-8.924001,-31.03,-5.24,54.17076,23.72313,347.5322,54.171,23.723,-12.468,True,True,True,True,True,True,True,True,True,True,True,True,True,True,True,True,True,True,True,True,True,True,True,True,
R_1234567890,Reflective,Main,13.71541,64.65823,-36.24799,46.61083,-16.96738,-36.56385,46.14842,-16.75132,-36.09185,45.95079,-16.77131,24.33378,21.37623,354.7502,24.334,21.376,-5.25,351.0544,329.2377,354.8119,-8.946,-30.762,-5.188,54.08145,23.77242,347.6512,54.081,23.772,-12.349,True,True,True,True,True,True,True,True,True,True,True,True,True,True,True,True,True,True,True,True,True,True,True,True,
R_1234567890,Reflective,Main,13.84969,64.72161,-36.26146,46.6625,-17.00152,-36.57828,46.20132,-16.78523,-36.10707,46.00258,-16.80556,24.44889,21.44999,354.6563,24.449,21.45,-5.344,350.9603,329.2344,354.702,-9.04,-30.766,-5.298,54.11096,23.51624,347.5547,54.111,23.516,-12.445,True,True,True,True,True,True,True,True,True,True,True,True,True,True,True,True,True,True,True,True,True,True,True,True,
R_1234567890,Reflective,Main,13.98504,64.78514,-36.2749,46.71472,-17.03509,-36.59211,46.25444,-16.81899,-36.12204,46.05439,-16.83947,24.54202,21.29525,354.5203,24.542,21.295,-5.48,350.8985,329.3164,354.6184,-9.101001,-30.684,-5.382,54.20757,23.30943,347.4431,54.208,23.309,-12.557,True,True,True,True,True,True,True,True,True,True,True,True,True,True,True,True,True,True,True,True,True,True,True,True,
R_1234567890,Reflective,Main,14.14976,64.86209,-36.29141,46.77816,-17.07537,-36.6092,46.3185,-16.86049,-36.13986,46.11739,-16.88081,24.66051,21.23621,354.5407,24.661,21.236,-5.459,350.8932,329.3373,354.528,-9.107,-30.663,-5.472,54.28822,23.14998,347.3733,54.288,23.15,-12.627,True,True,True,True,True,True,True,True,True,True,True,True,True,True,True,True,True,True,True,True,True,True,True,True,
R_1234567890,Reflective,Main,14.32017,64.94177,-36.30962,46.8437,-17.11685,-36.62699,46.38401,-16.90334,-36.15796,46.18252,-16.92336,24.7353,21.11364,354.6427,24.735,21.114,-5.357,350.94,329.344,354.3922,-9.06,-30.656,-5.608,54.25494,23.17877,347.4883,54.255,23.179,-12.512,True,True,True,True,True,True,True,True,True,True,True,True,True,True,True,True,True,True,True,True,True,True,True,True,
R_1234567890,Reflective,Main,14.45543,65.00611,-36.32508,46.89625,-17.1506,-36.64181,46.4354,-16.93797,-36.17315,46.23405,-16.95807,24.77645,21.02019,354.5685,24.776,21.02,-5.431,351.069,329.3933,354.3315,-8.931001,-30.607,-5.669,54.45743,23.04331,347.2729,54.457,23.043,-12.727,True,True,True,True,True,True,True,True,True,True,True,True,True,True,True,True,True,True,True,True,True,True,True,True,
R_1234567890,Reflective,Main,14.5976,65.07366,-36.34129,46.95169,-17.18561,-36.65867,46.4903,-16.97389,-36.1873,46.28893,-16.99361,24.73917,20.99517,354.5636,24.739,20.995,-5.436,351.1203,329.0752,354.4085,-8.88,-30.925,-5.591,54.46036,23.18468,347.2554,54.46,23.185,-12.745,True,True,True,True,True,True,True,True,True,True,True,True,True,True,True,True,True,True,True,True,True,True,True,True,
R_1234567890,Reflective,Main,14.76218,65.15165,-36.36,47.01569,-17.22606,-36.67745,46.55359,-17.01433,-36.20526,46.35295,-17.03435,24.79167,21.07277,354.6912,24.792,21.073,-5.309,351.2169,329.0322,354.4079,-8.783,-30.968,-5.592,54.44009,23.49282,347.4972,54.44,23.493,-12.503,True,True,True,True,True,True,True,True,True,True,True,True,True,True,True,True,True,True,True,True,True,True,True,True,
R_1234567890,Reflective,Main,14.89605,65.2145,-36.37513,47.0673,-17.25858,-36.69152,46.6049,-17.04709,-36.22028,46.40457,-17.06796,24.92026,21.1687,354.7835,24.92,21.169,-5.217,351.3148,329.1805,354.4252,-8.685,-30.82,-5.575,54.47875,23.45306,347.4133,54.479,23.453,-12.587,True,True,True,True,True,True,True,True,True,True,True,True,True,True,True,True,True,True,True,True,True,True,True,True,
R_1234567890,Reflective,Main,15.04476,65.28471,-36.3921,47.12478,-17.29514,-36.70798,46.66264,-17.08342,-36.2366,46.46149,-17.10571,25.06386,21.14051,354.8079,25.064,21.141,-5.192,351.3333,329.3009,354.4116,-8.667001,-30.699,-5.588,54.65551,23.60723,347.3912,54.656,23.607,-12.609,True,True,True,True,True,True,True,True,True,True,True,True,True,True,True,True,True,True,True,True,True,True,True,True,
R_1234567890,Reflective,Main,15.19997,65.35895,-36.41052,47.1856,-17.3335,-36.72581,46.72294,-17.1209,-36.25418,46.52161,-17.14425,24.88464,21.34185,354.8272,24.885,21.342,-5.173,351.3695,329.3612,354.4106,-8.631001,-30.639,-5.589,54.70336,23.65435,347.2909,54.703,23.654,-12.709,True,True,True,True,True,True,True,True,True,True,True,True,True,True,True,True,True,True,True,True,True,True,True,True,
R_1234567890,Reflective,Main,15.36006,65.43472,-36.43001,47.24778,-17.37212,-36.7438,46.78537,-17.15939,-36.27261,46.58392,-17.18374,24.98781,21.29612,354.8186,24.988,21.296,-5.181,351.3732,329.5516,354.4456,-8.627001,-30.448,-5.554,54.7498,23.91154,347.4376,54.75,23.912,-12.562,True,True,True,True,True,True,True,True,True,True,True,True,True,True,True,True,True,True,True,True,True,True,True,True,
R_1234567890,Reflective,Main,15.49355,65.49773,-36.44576,47.2996,-17.40431,-36.75959,46.83652,-17.19199,-36.28829,46.6355,-17.21685,25.05968,21.3724,354.9398,25.06,21.372,-5.06,351.4814,329.4631,354.4648,-8.519,-30.537,-5.535,54.75027,23.90228,347.5039,54.75,23.902,-12.496,True,True,True,True,True,True,True,True,True,True,True,True,True,True,True,True,True,True,True,True,True,True,True,True,
R_1234567890,Reflective,Main,15.65862,65.57518,-36.46436,47.36392,-17.44323,-36.77812,46.90036,-17.23208,-36.30899,46.69777,-17.25844,25.08309,21.4056,355.0505,25.083,21.406,-4.95,351.5611,329.5507,354.3599,-8.439,-30.449,-5.64,55.07985,23.66567,347.6381,55.08,23.666,-12.362,True,True,True,True,True,True,True,True,True,True,True,True,True,True,True,True,True,True,True,True,True,True,True,True,
R_1234567890,Reflective,Main,15.79336,65.63818,-36.47909,47.41673,-17.47426,-36.79314,46.95292,-17.2639,-36.32562,46.74976,-17.29064,25.11521,21.30076,355.0174,25.115,21.301,-4.983,351.6279,329.4686,354.3472,-8.372001,-30.531,-5.653,55.24002,23.32437,347.4549,55.24,23.324,-12.545,True,True,True,True,True,True,True,True,True,True,True,True,True,True,True,True,True,True,True,True,True,True,True,True,
R_1234567890,Reflective,Main,15.93037,65.70243,-36.49401,47.47059,-17.50595,-36.80811,47.00722,-17.29569,-36.34075,46.80382,-17.32234,25.21627,21.43769,354.9915,25.216,21.438,-5.008,351.6089,329.5378,354.3191,-8.391001,-30.462,-5.681,55.23536,23.29263,347.4477,55.235,23.293,-12.552,True,True,True,True,True,True,True,True,True,True,True,True,True,True,True,True,True,True,True,True,True,True,True,True,
R_1234567890,Reflective,Main,16.06095,65.76373,-36.50806,47.52172,-17.53671,-36.82214,47.05821,-17.32633,-36.35406,46.85491,-17.35346,25.18776,21.48428,355.0376,25.188,21.484,-4.962,351.6386,329.538,354.3026,-8.361,-30.462,-5.697001,55.23094,23.4453,347.558,55.231,23.445,-12.442,True,True,True,True,True,True,True,True,True,True,True,True,True,True,True,True,True,True,True,True,True,True,True,True,
R_1234567890,Reflective,Main,16.20802,65.83228,-36.52466,47.57906,-17.57037,-36.83772,47.11549,-17.35984,-36.3698,46.9123,-17.38822,25.23177,21.61692,355.1105,25.232,21.617,-4.889,351.6806,329.6443,354.3143,-8.319,-30.356,-5.686,55.28949,23.49794,347.5542,55.289,23.498,-12.446,True,True,True,True,True,True,True,True,True,True,True,True,True,True,True,True,True,True,True,True,True,True,True,True,
R_1234567890,Reflective,Main,16.36221,65.90413,-36.54214,47.63937,-17.60526,-36.85366,47.17532,-17.39518,-36.38618,46.97254,-17.4249,25.42016,21.67693,355.2598,25.42,21.677,-4.74,351.7682,329.8834,354.2733,-8.232,-30.117,-5.727,55.39199,23.84431,347.9774,55.392,23.844,-12.023,True,True,True,True,True,True,True,True,True,True,True,True,True,True,True,True,True,True,True,True,True,True,True,True,
R_1234567890,Reflective,Main,16.49813,65.96717,-36.55744,47.69172,-17.63687,-36.86807,47.22847,-17.42672,-36.40091,47.02614,-17.45673,25.73627,21.57522,355.3543,25.736,21.575,-4.646,351.8134,329.9244,354.3146,-8.187,-30.076,-5.685,55.36228,23.76878,348.0243,55.362,23.769,-11.976,True,True,True,True,True,True,True,True,True,True,True,True,True,True,True,True,True,True,True,True,True,True,True,True,
R_1234567890,Reflective,Main,16.66009,66.04341,-36.57468,47.75573,-17.67453,-36.8851,47.29337,-17.4628,-36.4193,47.08976,-17.49369,25.73134,21.58923,355.2013,25.731,21.589,-4.799,351.6933,330.2214,354.1753,-8.307,-29.779,-5.825,55.38011,23.60911,347.8936,55.38,23.609,-12.106,True,True,True,True,True,True,True,True,True,True,True,True,True,True,True,True,True,True,True,True,True,True,True,True,
R_1234567890,Reflective,Main,16.79609,66.10695,-36.58912,47.80872,-17.70646,-36.89941,47.34789,-17.49423,-36.43583,47.14267,-17.5259,25.88246,21.60521,355.1257,25.882,21.605,-4.874,351.5363,330.387,354.1184,-8.464001,-29.613,-5.882,55.44443,23.28078,347.6273,55.444,23.281,-12.373,True,True,True,True,True,True,True,True,True,True,True,True,True,True,True,True,True,True,True,True,True,True,True,True,
R_1234567890,Reflective,Main,16.94492,66.17679,-36.60525,47.8672,-17.74105,-36.91573,47.4064,-17.52818,-36.4533,47.20061,-17.56088,25.85604,21.87661,354.9637,25.856,21.877,-5.036,351.5959,330.5489,354.0204,-8.404,-29.451,-5.98,55.51172,23.18236,347.4771,55.512,23.182,-12.523,True,True,True,True,True,True,True,True,True,True,True,True,True,True,True,True,True,True,True,True,True,True,True,True,
R_1234567890,Reflective,Main,17.10933,66.25419,-36.62494,47.93188,-17.77852,-36.93366,47.47141,-17.56495,-36.47151,47.26447,-17.59975,25.92763,22.03377,354.9257,25.928,22.034,-5.074,351.5284,330.7999,354.063,-8.472,-29.2,-5.937,55.5636,23.43007,347.4426,55.564,23.43,-12.557,True,True,True,True,True,True,True,True,True,True,True,True,True,True,True,True,True,True,True,True,True,True,True,True,
R_1234567890,Reflective,Main,17.27571,66.33252,-36.647,47.99678,-17.8164,-36.95338,47.53515,-17.60199,-36.49179,47.3295,-17.6395,26.11362,22.63642,354.8503,26.114,22.636,-5.15,351.7747,331.1123,354.0727,-8.225,-28.888,-5.927,55.53415,23.51833,347.1462,55.534,23.518,-12.854,True,True,True,True,True,True,True,True,True,True,True,True,True,True,True,True,True,True,True,True,True,True,True,True,
R_1234567890,Reflective,Main,17.41451,66.39964,-36.66757,48.05199,-17.84852,-36.97145,47.58924,-17.63169,-36.50873,47.38348,-17.67301,25.78095,23.21902,355.1574,25.781,23.219,-4.843,351.7914,331.3629,354.1997,-8.209001,-28.637,-5.8,55.66515,24.19068,347.4106,55.665,24.191,-12.589,True,True,True,True,True,True,True,True,True,True,True,True,True,True,True,True,True,True,True,True,True,True,True,True,
R_1234567890,Reflective,Main,17.54844,66.46438,-36.69046,48.10492,-17.87788,-36.98974,47.64175,-17.65792,-36.5259,47.43716,-17.70385,25.62075,23.87795,355.2599,25.621,23.878,-4.74,351.823,331.9222,354.4038,-8.177,-28.078,-5.596,55.5176,25.00247,347.5842,55.518,25.002,-12.416,True,True,True,True,True,True,True,True,True,True,True,True,True,True,True,True,True,True,True,True,True,True,True,True,
R_1234567890,Reflective,Main,17.71946,66.54741,-36.72247,48.1721,-17.91461,-37.01617,47.70695,-17.6909,-36.55117,47.50423,-17.74403,25.52157,24.87919,355.499,25.522,24.879,-4.501,351.9779,332.6952,354.5651,-8.022,-27.305,-5.435,55.44157,26.40444,348.1293,55.442,26.404,-11.871,True,True,True,True,True,True,True,True,True,True,True,True,True,True,True,True,True,True,True,True,True,True,True,True,
R_1234567890,Reflective,Main,17.86042,66.61718,-36.75547,48.22706,-17.94167,-37.04189,47.76067,-17.71473,-36.57663,47.55943,-17.77609,25.57069,25.87559,355.7859,25.571,25.876,-4.214,352.1996,333.649,354.7144,-7.8,-26.351,-5.286,55.44881,27.73502,348.5374,55.449,27.735,-11.463,True,True,True,True,True,True,True,True,True,True,True,True,True,True,True,True,True,True,True,True,True,True,True,True,
R_1234567890,Reflective,Main,17.99999,66.68812,-36.79114,48.28172,-17.96835,-37.07077,47.81485,-17.73718,-36.60656,47.61538,-17.80757,26.00131,27.02438,356.0252,26.001,27.024,-3.975,352.3697,334.8341,354.7859,-7.630001,-25.166,-5.214,55.37164,29.04682,348.8953,55.372,29.047,-11.105,True,True,True,True,True,True,True,True,True,True,True,True,True,True,True,True,True,True,True,True,True,True,True,True,
R_1234567890,Reflective,Main,18.13035,66.75672,-36.82898,48.33274,-17.99382,-37.10203,47.86596,-17.7591,-36.63962,47.66682,-17.83697,25.91964,27.76319,356.3426,25.92,27.763,-3.657,352.3257,335.8542,354.7802,-7.674,-24.146,-5.22,55.4295,29.73846,348.9811,55.429,29.738,-11.019,True,True,True,True,True,True,True,True,True,True,True,True,True,True,True,True,True,True,True,True,True,True,True,True,
R_1234567890,Reflective,Main,18.28204,66.83634,-36.87164,48.39233,-18.02415,-37.14258,47.925,-17.78694,-36.67954,47.72533,-17.87033,26.09783,27.87737,356.9956,26.098,27.877,-3.004,352.2791,335.7441,354.9815,-7.721,-24.256,-5.019,55.80978,29.90678,349.2459,55.81,29.907,-10.754,True,True,True,True,True,True,True,True,True,True,True,True,True,True,True,True,True,True,True,True,True,True,True,True,
R_1234567890,Reflective,Main,18.42015,66.90845,-36.90602,48.44898,-18.05214,-37.17466,47.98037,-17.81594,-36.71147,47.78256,-17.89694,25.47288,27.76894,357.4613,25.473,27.769,-2.539,352.1002,335.4887,355.3095,-7.900001,-24.511,-4.691,55.71418,29.60488,349.7112,55.714,29.605,-10.289,True,True,True,True,True,True,True,True,True,True,True,True,True,True,True,True,True,True,True,True,True,True,True,True,
R_1234567890,Reflective,Main,18.56164,66.97718,-36.9365,48.50336,-18.08087,-37.20619,48.03345,-17.84734,-36.73925,47.83984,-17.92317,25.84908,27.49957,357.8489,25.849,27.5,-2.151,352.3261,334.4653,355.9441,-7.674,-25.535,-4.056,55.43744,29.38964,350.4171,55.437,29.39,-9.583,True,True,True,True,True,True,True,True,True,True,True,True,True,True,True,True,True,True,True,True,True,True,True,True,
R_1234567890,Reflective,Main,18.77625,67.07826,-36.97425,48.58757,-18.12177,-37.24432,48.11493,-17.88988,-36.77696,47.92631,-17.96601,26.50741,28.31213,358.1811,26.507,28.312,-1.819,352.8626,334.6158,355.953,-7.137001,-25.384,-4.047,55.26265,29.76829,350.7779,55.263,29.768,-9.222,True,True,True,True,True,True,True,True,True,True,True,True,True,True,True,True,True,True,True,True,True,True,True,True,
R_1234567890,Reflective,Main,18.94648,67.15691,-36.99997,48.65683,-18.14857,-37.26569,48.1817,-17.91966,-36.80136,47.99677,-18.00441,26.99348,29.77799,358.9893,26.993,29.778,-1.011,353.0249,335.4488,355.8731,-6.975,-24.551,-4.127,53.53854,30.78981,354.477,53.539,30.79,-5.523,True,True,True,True,True,True,True,True,True,True,True,True,True,True,True,True,True,True,True,True,True,True,True,True,
R_1234567890,Reflective,Main,19.11108,67.20207,-37.00498,48.66783,-18.12526,-37.25708,48.18554,-17.91339,-36.79394,48.03893,-18.01023,28.26722,31.46997,1.762233,28.267,31.47,1.762,354.4631,337.6019,355.3143,-5.537,-22.398,-4.686,38.23141,28.12182,359.4464,38.231,28.122,-0.554,True,True,True,True,True,True,True,True,True,True,True,True,True,True,True,True,True,True,True,True,True,True,True,True,
R_1234567890,Reflective,Main,19.27678,67.25028,-36.98589,48.65729,-18.08273,-37.23683,48.17371,-17.8917,-36.77039,48.0515,-18.0092,30.75057,29.97163,1.835931,30.751,29.972,1.836,355.8416,339.117,354.1677,-4.158,-20.883,-5.832,31.52959,29.04308,7.797332,31.53,29.043,7.797,True,True,True,True,True,True,True,True,True,True,True,True,True,True,True,True,True,True,True,True,True,True,True,True,
R_1234567890,Reflective,Main,19.41182,67.29991,-36.95514,48.64904,-18.0447,-37.21769,48.16771,-17.86111,-36.75143,48.05117,-17.98702,32.00344,29.51285,0.799256,32.003,29.513,0.799,356.388,339.7058,352.6664,-3.612,-20.294,-7.334,28.05726,29.45179,7.826828,28.057,29.452,7.827,True,True,True,True,True,True,True,True,True,True,True,True,True,True,True,True,True,True,True,True,True,True,True,True,
R_1234567890,Reflective,Main,19.55865,67.37395,-36.9061,48.63945,-17.9901,-37.18473,48.16535,-17.81006,-36.72924,48.04189,-17.93899,33.19898,29.05717,358.3531,33.199,29.057,-1.647,356.299,341.1564,350.5811,-3.701,-18.844,-9.419001,24.77819,29.40739,7.235633,24.778,29.407,7.236001,True,True,True,True,True,True,True,True,True,True,True,True,True,True,True,True,True,True,True,True,True,True,True,True,
R_1234567890,Reflective,Main,19.72298,67.45972,-36.84978,48.64151,-17.92551,-37.12477,48.17454,-17.73604,-36.6982,48.04624,-17.87325,34.0955,28.76822,356.5537,34.096,28.768,-3.446,355.9198,344.8295,349.0608,-4.08,-15.17,-10.939,17.77793,29.64607,3.753549,17.778,29.646,3.754,True,True,True,True,True,True,True,True,True,True,True,True,True,True,True,True,True,True,True,True,True,True,True,True,
R_1234567890,Reflective,Main,19.85637,67.50831,-36.81768,48.64148,-17.88909,-37.0612,48.19153,-17.67892,-36.67301,48.05545,-17.82392,34.94448,28.12074,355.8016,34.945,28.121,-4.198,354.0511,350.6548,348.8568,-5.949,-9.345,-11.143,14.50067,29.49766,2.903311,14.501,29.498,2.903,True,True,True,True,True,True,True,True,True,True,True,True,True,True,True,True,True,True,True,True,True,True,True,True,
R_1234567890,Reflective,Main,19.99055,67.53813,-36.80246,48.64843,-17.86468,-37.00619,48.20378,-17.63664,-36.65004,48.0651,-17.78906,34.4939,27.70757,355.3337,34.494,27.708,-4.666,352.7081,355.6011,349.8299,-7.292,-4.399,-10.17,13.17971,30.82022,2.476632,13.18,30.82,2.477,True,True,True,True,True,True,True,True,True,True,True,True,True,True,True,True,True,True,True,True,True,True,True,True,
R_1234567890,Reflective,Main,20.12307,67.5594,-36.79826,48.65154,-17.84435,-36.9677,48.20677,-17.6056,-36.63171,48.07253,-17.76872,33.71174,28.61824,355.4743,33.712,28.618,-4.526,352.4629,359.9379,350.5047,-7.537,-0.062,-9.495001,12.16008,34.31112,2.241037,12.16,34.311,2.241,True,True,True,True,True,True,True,True,True,True,True,True,True,True,True,True,True,True,True,True,True,True,True,True,
R_1234567890,Reflective,Main,20.25272,67.58233,-36.80524,48.65153,-17.82283,-36.95278,48.20406,-17.57847,-36.62376,48.07637,-17.75739,33.81086,30.71063,355.3082,33.811,30.711,-4.692,353.1708,3.171371,351.0296,-6.829,3.171,-8.97,11.93474,38.30205,0.6368095,11.935,38.302,0.637,True,True,True,True,True,True,True,True,True,True,True,True,True,True,True,True,True,True,True,True,True,True,True,True,
R_1234567890,Reflective,Main,20.41833,67.61935,-36.83144,48.65253,-17.7969,-36.96474,48.20468,-17.53426,-36.63342,48.08536,-17.74389,33.34328,33.39528,355.1808,33.343,33.395,-4.819,352.7549,4.694616,351.1807,-7.245,4.695,-8.819,11.00049,41.83996,358.9273,11,41.84,-1.073,True,True,True,True,True,True,True,True,True,True,True,True,True,True,True,True,True,True,True,True,True,True,True,True,
R_1234567890,Reflective,Main,20.5657,67.67416,-36.87457,48.66122,-17.76431,-36.97375,48.20531,-17.49662,-36.65687,48.09327,-17.72787,31.50961,33.72488,353.7964,31.51,33.725,-6.204,352.0295,9.140637,350.4171,-7.971,9.141001,-9.583,10.54257,46.35063,357.0958,10.543,46.351,-2.904,True,True,True,True,True,True,True,True,True,True,True,True,True,True,True,True,True,True,True,True,True,True,True,True,
R_1234567890,Reflective,Main,20.72484,67.73013,-36.923,48.66843,-17.7373,-36.98053,48.20521,-17.46712,-36.69754,48.10528,-17.7084,27.68103,26.36975,348.7039,27.681,26.37,-11.296,351.3893,14.94343,349.4541,-8.611,14.943,-10.546,9.284996,47.54299,355.1992,9.285001,47.543,-4.801,True,True,True,True,True,True,True,True,True,True,True,True,True,True,True,True,True,True,True,True,True,True,True,True,
R_1234567890,Reflective,Main,20.86782,67.76077,-36.94994,48.67299,-17.72349,-36.98251,48.20076,-17.45373,-36.7226,48.11077,-17.70825,25.67477,27.21095,347.7466,25.675,27.211,-12.253,351.7423,18.31203,349.8814,-8.258,18.312,-10.119,8.530564,49.27333,354.7416,8.531,49.273,-5.258,True,True,True,True,True,True,True,True,True,True,True,True,True,True,True,True,True,True,True,True,True,True,True,True,
R_1234567890,Reflective,Main,21.02168,67.78149,-36.96912,48.67527,-17.72232,-36.97562,48.19112,-17.44885,-36.73891,48.10691,-17.73151,24.05387,27.12098,347.5769,24.054,27.121,-12.423,352.1676,22.31914,350.2083,-7.832,22.319,-9.792001,9.333671,52.41103,354.7736,9.334001,52.411,-5.226,True,True,True,True,True,True,True,True,True,True,True,True,True,True,True,True,True,True,True,True,True,True,True,True,
R_1234567890,Reflective,Main,21.18824,67.81422,-36.9716,48.6822,-17.75329,-36.95782,48.1949,-17.46198,-36.73203,48.10904,-17.75908,21.45779,26.93586,348.6172,21.458,26.936,-11.383,353.1823,23.57926,348.763,-6.818,23.579,-11.237,9.108986,55.80024,356.3389,9.109,55.8,-3.661,True,True,True,True,True,True,True,True,True,True,True,True,True,True,True,True,True,True,True,True,True,True,True,True,
R_1234567890,Reflective,Main,21.35516,67.87144,-36.95229,48.68933,-17.80644,-36.91516,48.2182,-17.50985,-36.71584,48.14484,-17.76377,17.61862,29.31327,348.9736,17.619,29.313,-11.026,351.7547,26.69233,351.2786,-8.245001,26.692,-8.721001,2.184831,59.85418,354.8637,2.185,59.854,-5.136,True,True,True,True,True,True,True,True,True,True,True,True,True,True,True,True,True,True,True,True,True,True,True,True,
R_1234567890,Reflective,Main,21.4924,67.93169,-36.92514,48.69257,-17.86011,-36.86061,48.22407,-17.57785,-36.70286,48.17692,-17.77589,16.83103,32.19904,349.7659,16.831,32.199,-10.234,352.3138,32.07891,354.0893,-7.686,32.079,-5.911,0.2076634,62.79279,346.7208,0.208,62.793,-13.279,True,True,True,True,True,True,True,True,True,True,True,True,True,True,True,True,True,True,True,True,True,True,True,True,
R_1234567890,Reflective,Main,21.65704,67.99743,-36.89611,48.68943,-17.91887,-36.80973,48.22905,-17.65419,-36.69137,48.20245,-17.81829,16.8702,35.99073,349.3221,16.87,35.991,-10.678,348.2883,34.17847,354.3954,-11.712,34.178,-5.605,353.9456,59.74398,347.3857,-6.054,59.744,-12.614,True,True,True,True,True,True,True,True,True,True,True,True,True,True,True,True,True,True,True,True,True,True,True,True,
R_1234567890,Reflective,Main,21.80002,68.03646,-36.88347,48.68476,-17.95543,-36.79015,48.23247,-17.69,-36.66787,48.16954,-17.87457,16.96003,35.86408,348.7274,16.96,35.864,-11.273,343.4706,34.59942,352.6228,-16.529,34.599,-7.377,1.322595,55.95144,347.9434,1.323,55.951,-12.057,True,True,True,True,True,True,True,True,True,True,True,True,True,True,True,True,True,True,True,True,True,True,True,True,
R_1234567890,Reflective,Main,21.94879,68.06168,-36.88105,48.68864,-17.97952,-36.78553,48.23193,-17.69944,-36.64897,48.13787,-17.93579,15.47843,31.70463,347.9772,15.478,31.705,-12.023,343.5859,32.6785,350.4203,-16.414,32.679,-9.580001,7.699558,57.95423,344.6156,7.7,57.954,-15.384,True,True,True,True,True,True,True,True,True,True,True,True,True,True,True,True,True,True,True,True,True,True,True,True,
R_1234567890,Reflective,Main,22.10723,68.0753,-36.88885,48.69412,-17.98882,-36.78742,48.22617,-17.6704,-36.69928,48.19891,-17.91375,12.88967,25.28759,346.9306,12.89,25.288,-13.069,339.5259,26.08183,345.0132,-20.474,26.082,-14.987,355.5073,38.5809,350.0674,-4.493,38.581,-9.933001,True,True,True,True,True,True,True,True,True,True,True,True,True,True,True,True,True,True,True,True,True,True,True,True,
R_1234567890,Reflective,Main,22.25889,68.08711,-36.89826,48.69515,-17.98401,-36.79073,48.23216,-17.63047,-36.77959,48.26661,-17.87434,13.22963,24.17447,346.793,13.23,24.174,-13.207,339.0889,21.16529,345.972,-20.911,21.165,-14.028,348.2387,17.64023,353.2983,-11.761,17.64,-6.702,True,True,True,True,True,True,True,True,True,True,True,True,True,True,True,True,True,True,True,True,True,True,True,True,
R_1234567890,Reflective,Main,22.3966,68.10642,-36.90722,48.69484,-17.96705,-36.80351,48.25949,-17.60226,-36.81656,48.28851,-17.85322,14.49911,24.91614,347.4973,14.499,24.916,-12.503,336.2459,18.60912,347.7622,-23.754,18.609,-12.238,346.5382,10.46228,356.1417,-13.462,10.462,-3.858,True,True,True,True,True,True,True,True,True,True,True,True,True,True,True,True,True,True,True,True,True,True,True,True,
R_1234567890,Reflective,Main,22.5349,68.12848,-36.91756,48.69531,-17.94784,-36.82092,48.27504,-17.57875,-36.83464,48.29181,-17.83198,15.33552,24.16405,348.2294,15.336,24.164,-11.771,334.8766,16.30271,348.6919,-25.123,16.303,-11.308,348.1278,8.024853,357.0377,-11.872,8.025001,-2.962,True,True,True,True,True,True,True,True,True,True,True,True,True,True,True,True,True,True,True,True,True,True,True,True,
R_1234567890,Reflective,Main,22.69612,68.15194,-36.9292,48.69415,-17.92753,-36.83566,48.27758,-17.55998,-36.84829,48.2956,-17.81516,15.763,22.94285,348.2436,15.763,22.943,-11.756,334.2173,15.50778,348.5896,-25.783,15.508,-11.41,347.8041,6.606555,357.201,-12.196,6.607,-2.799,True,True,True,True,True,True,True,True,True,True,True,True,True,True,True,True,True,True,True,True,True,True,True,True,
R_1234567890,Reflective,Main,22.82982,68.16331,-36.93375,48.69438,-17.91714,-36.84652,48.27562,-17.54727,-36.85791,48.29446,-17.804,15.94644,23.53731,348.1711,15.946,23.537,-11.829,334.6278,14.68603,348.918,-25.372,14.686,-11.082,348.5862,5.871383,356.6794,-11.414,5.871,-3.321,True,True,True,True,True,True,True,True,True,True,True,True,True,True,True,True,True,True,True,True,True,True,True,True,
R_1234567890,Reflective,Main,22.96529,68.17332,-36.93869,48.69416,-17.90854,-36.85371,48.27634,-17.5392,-36.86401,48.29421,-17.79614,16.11157,23.73624,348.5988,16.112,23.736,-11.401,334.4715,14.52283,349.0204,-25.529,14.523,-10.98,348.9063,5.669701,357.0579,-11.094,5.67,-2.942,True,True,True,True,True,True,True,True,True,True,True,True,True,True,True,True,True,True,True,True,True,True,True,True,
R_1234567890,Reflective,Main,23.13024,68.18329,-36.94534,48.69408,-17.90121,-36.85918,48.27528,-17.53207,-36.8689,48.29298,-17.78907,16.05153,23.81098,348.5534,16.052,23.811,-11.447,334.694,14.6177,349.4295,-25.306,14.618,-10.57,349.4709,6.427928,355.9246,-10.529,6.428,-4.075,False,False,False,False,False,False,False,False,False,False,False,False,False,False,False,False,False,False,False,False,False,False,False,False,
R_1234567890,Reflective,Main,23.28622,68.19129,-36.9514,48.69436,-17.89608,-36.86503,48.27467,-17.52586,-36.8741,48.29348,-17.78323,15.99269,24.21939,348.8549,15.993,24.219,-11.145,334.8253,14.42883,349.6043,-25.175,14.429,-10.396,349.4428,6.631418,356.1541,-10.557,6.631001,-3.846,False,False,False,False,False,False,False,False,False,False,False,False,False,False,False,False,False,False,False,False,False,False,False,False,
R_1234567890,Reflective,Main,23.42041,68.1957,-36.95491,48.69436,-17.89353,-36.86789,48.27502,-17.52249,-36.87674,48.29461,-17.77985,15.91796,24.59149,348.9986,15.918,24.591,-11.001,334.6488,14.56735,349.5767,-25.351,14.567,-10.423,349.2765,6.737878,356.4279,-10.724,6.738,-3.572,False,False,False,False,False,False,False,False,False,False,False,False,False,False,False,False,False,False,False,False,False,False,False,False,
R_1234567890,Reflective,Main,23.55392,68.2002,-36.95797,48.69439,-17.89035,-36.87032,48.27489,-17.52016,-36.88065,48.29455,-17.77734,15.9117,24.77993,349.0659,15.912,24.78,-10.934,334.5118,14.65154,349.5063,-25.488,14.652,-10.494,349.3589,6.567609,356.5602,-10.641,6.568,-3.44,False,False,False,False,False,False,False,False,False,False,False,False,False,False,False,False,False,False,False,False,False,False,False,False,
R_1234567890,Reflective,Main,23.68809,68.20298,-36.95932,48.69422,-17.88816,-36.87136,48.27398,-17.51861,-36.88294,48.29461,-17.77563,16.06985,24.90557,349.2109,16.07,24.906,-10.789,334.6752,14.70234,349.6189,-25.325,14.702,-10.381,349.4384,6.44556,356.6255,-10.562,6.446,-3.374,False,False,False,False,False,False,False,False,False,False,False,False,False,False,False,False,False,False,False,False,False,False,False,False,
R_1234567890,Reflective,Main,23.82257,68.20435,-36.96,48.69405,-17.88732,-36.87154,48.27296,-17.51863,-36.88515,48.29441,-17.77439,16.1726,25.22513,349.062,16.173,25.225,-10.938,334.8865,15.05589,349.6539,-25.113,15.056,-10.346,349.6821,6.288887,356.5322,-10.318,6.289001,-3.468,False,False,False,False,False,False,False,False,False,False,False,False,False,False,False,False,False,False,False,False,False,False,False,False,
R_1234567890,Reflective,Main,23.95546,68.20676,-36.96209,48.69438,-17.88784,-36.87254,48.27213,-17.51876,-36.88627,48.29377,-17.7746,16.00889,25.49035,349.1963,16.009,25.49,-10.804,335.0621,15.08262,349.7176,-24.938,15.083,-10.282,349.8643,6.35383,356.7195,-10.136,6.354,-3.281,False,False,False,False,False,False,False,False,False,False,False,False,False,False,False,False,False,False,False,False,False,False,False,False,
R_1234567890,Reflective,Main,24.10372,68.20937,-36.96448,48.69481,-17.88831,-36.87313,48.27184,-17.51929,-36.8872,48.29361,-17.77625,15.85602,25.81402,349.2827,15.856,25.814,-10.717,335.1961,15.30112,349.8318,-24.804,15.301,-10.168,350.1064,6.839688,356.7217,-9.894,6.84,-3.278,True,True,True,True,True,True,True,True,True,True,True,True,True,True,True,True,True,True,True,True,True,True,True,True,
R_1234567890,Reflective,Main,24.26126,68.21348,-36.96818,48.69527,-17.88935,-36.87331,48.27125,-17.52108,-36.88711,48.2956,-17.77913,15.65579,26.72847,349.4565,15.656,26.728,-10.544,335.4127,15.67419,349.8534,-24.587,15.674,-10.147,349.8746,8.388672,356.572,-10.125,8.389,-3.428,True,True,True,True,True,True,True,True,True,True,True,True,True,True,True,True,True,True,True,True,True,True,True,True,
R_1234567890,Reflective,Main,24.42931,68.21899,-36.97271,48.69744,-17.88909,-36.86848,48.26898,-17.52796,-36.85844,48.29965,-17.7855,14.96377,29.82703,349.3227,14.964,29.827,-10.677,338.2324,17.31092,349.5129,-21.768,17.311,-10.487,347.7645,20.14876,353.2615,-12.236,20.149,-6.738,True,True,True,True,True,True,True,True,True,True,True,True,True,True,True,True,True,True,True,True,True,True,True,True,
R_1234567890,Reflective,Main,24.59405,68.23177,-36.96231,48.69995,-17.89429,-36.82945,48.25381,-17.60093,-36.75069,48.2909,-17.82581,13.81732,43.94706,349.713,13.817,43.947,-10.287,350.1441,30.29419,357.2025,-9.856001,30.294,-2.798,342.7443,73.42389,356.4738,-17.256,73.424,-3.526,True,True,True,True,True,True,True,True,True,True,True,True,True,True,True,True,True,True,True,True,True,True,True,True,
R_1234567890,Reflective,Main,24.72951,68.25067,-36.94822,48.69815,-17.90661,-36.78164,48.23502,-17.71233,-36.71031,48.25784,-17.85348,13.74622,58.0065,349.6818,13.746,58.006,-10.318,355.2717,51.55092,1.079246,-4.728,51.551,1.079,354.4888,89.76443,354.3376,-5.511,89.76401,-5.662,True,True,True,True,True,True,True,True,True,True,True,True,True,True,True,True,True,True,True,True,True,True,True,True,
R_1234567890,Reflective,Main,24.86342,68.27839,-36.93229,48.69573,-17.92907,-36.75344,48.22192,-17.80033,-36.69042,48.24312,-17.90268,13.80773,69.15751,350.9887,13.808,69.158,-9.011001,355.4887,68.11924,357.5892,-4.511,68.119,-2.411,355.465,99.10667,357.9049,-4.535,99.107,-2.095,True,True,True,True,True,True,True,True,True,True,True,True,True,True,True,True,True,True,True,True,True,True,True,True,
R_1234567890,Reflective,Main,24.99653,68.32129,-36.9122,48.69609,-17.96695,-36.72828,48.21327,-17.86135,-36.6735,48.22698,-17.95024,13.496,76.45582,350.6343,13.496,76.456,-9.366,356.5794,78.67646,359.8546,-3.421,78.676,-0.145,356.8671,103.1067,0.5798686,-3.133,103.107,0.58,True,True,True,True,True,True,True,True,True,True,True,True,True,True,True,True,True,True,True,True,True,True,True,True,
R_1234567890,Reflective,Main,25.15262,68.38512,-36.88554,48.69948,-18.02476,-36.68164,48.21223,-17.92234,-36.63559,48.21655,-18.01923,12.36178,83.32762,348.6322,12.362,83.328,-11.368,355.1243,82.18268,359.562,-4.876,82.18301,-0.438,359.4129,107.8924,4.248959,-0.587,107.892,4.249,True,True,True,True,True,True,True,True,True,True,True,True,True,True,True,True,True,True,True,True,True,True,True,True,
R_1234567890,Reflective,Main,25.29584,68.44607,-36.86099,48.6894,-18.07921,-36.64123,48.20184,-17.97221,-36.60365,48.2026,-18.07295,13.69579,88.53332,346.1477,13.696,88.533,-13.852,353.8941,86.38188,354.3006,-6.106,86.382,-5.699,358.3669,112.1045,356.9803,-1.633,112.104,-3.02,True,True,True,True,True,True,True,True,True,True,True,True,True,True,True,True,True,True,True,True,True,True,True,True,
R_1234567890,Reflective,Main,25.42954,68.49835,-36.84771,48.68304,-18.12917,-36.60844,48.19011,-18.01984,-36.57841,48.1888,-18.12234,17.19263,97.8057,343.0055,17.193,97.80601,-16.995,355.5581,90.76493,354.042,-4.442,90.76501,-5.958,0.3557366,116.2695,356.7166,0.356,116.27,-3.283,True,True,True,True,True,True,True,True,True,True,True,True,True,True,True,True,True,True,True,True,True,True,True,True,
R_1234567890,Reflective,Main,25.56201,68.54244,-36.83701,48.67605,-18.17124,-36.58385,48.1861,-18.06667,-36.56628,48.17912,-18.17257,19.91652,111.175,340.7968,19.917,111.175,-19.203,356.4482,97.201,353.3324,-3.552,97.201,-6.668,2.863334,123.0883,356.4712,2.863,123.088,-3.529,True,True,True,True,True,True,True,True,True,True,True,True,True,True,True,True,True,True,True,True,True,True,True,True,
R_1234567890,Reflective,Main,25.69677,68.58113,-36.82261,48.66702,-18.20547,-36.55885,48.17519,-18.10648,-36.55426,48.16554,-18.21324,22.12252,124.8325,339.0732,22.123,124.833,-20.927,358.2665,103.4616,352.937,-1.733,103.462,-7.063,5.063518,129.2799,356.7562,5.064,129.28,-3.244,True,True,True,True,True,True,True,True,True,True,True,True,True,True,True,True,True,True,True,True,True,True,True,True,
R_1234567890,Reflective,Main,25.82926,68.64976,-36.79849,48.69209,-18.26082,-36.52734,48.16672,-18.14091,-36.53778,48.15166,-18.24739,9.264335,141.969,337.8879,9.264001,141.969,-22.112,359.6451,110.1791,351.9938,-0.355,110.179,-8.006001,7.831878,136.0509,357.0321,7.832,136.051,-2.968,True,True,True,True,True,True,True,True,True,True,True,True,True,True,True,True,True,True,True,True,True,True,True,True,
R_1234567890,Reflective,Main,25.9643,68.78065,-36.83232,48.77941,-18.34225,-36.49344,48.16368,-18.16556,-36.51826,48.14738,-18.27019,2.749671,172.6856,323.3846,2.75,172.686,-36.615,359.9213,116.7323,350.6645,-0.079,116.732,-9.336,8.061687,142.2964,355.9805,8.062,142.296,-4.019,True,True,True,True,True,True,True,True,True,True,True,True,True,True,True,True,True,True,True,True,True,True,True,True,
R_1234567890,Reflective,Main,26.09708,68.93378,-36.96637,48.81364,-18.39903,-36.46892,48.15709,-18.18368,-36.50687,48.13704,-18.28509,5.632474,173.6429,300.6664,5.632,173.643,-59.334,358.8192,123.3496,348.1027,-1.181,123.35,-11.897,7.757932,148.2216,353.3153,7.758,148.222,-6.685,True,True,True,True,True,True,True,True,True,True,True,True,True,True,True,True,True,True,True,True,True,True,True,True,
R_1234567890,Reflective,Main,26.23207,69.07147,-37.07434,48.77503,-18.47098,-36.45732,48.13308,-18.22286,-36.50728,48.10839,-18.32012,18.28027,161.7194,287.409,18.28,161.719,-72.591,2.453327,128.3162,348.6873,2.453,128.316,-11.313,12.46315,153.3716,355.9413,12.463,153.372,-4.059,True,True,True,True,True,True,True,True,True,True,True,True,True,True,True,True,True,True,True,True,True,True,True,True,
R_1234567890,Reflective,Main,26.37113,69.21896,-37.12522,48.69855,-18.58564,-36.46172,48.1097,-18.31621,-36.52348,48.09016,-18.40747,27.23718,151.5746,275.8674,27.237,151.575,-84.133,5.206228,136.0455,351.5283,5.206,136.046,-8.472,13.60497,161.4458,359.9756,13.605,161.446,-0.024,True,True,True,True,True,True,True,True,True,True,True,True,True,True,True,True,True,True,True,True,True,True,True,True,
R_1234567890,Reflective,Main,26.49345,69.34454,-37.13353,48.61775,-18.68081,-36.47886,48.09404,-18.43381,-36.54818,48.08938,-18.51814,29.36572,150.6496,268.8831,150.634,-29.34998,88.883,4.907816,144.5858,356.029,4.908,144.586,-3.971,7.434166,167.9274,4.769834,7.434,167.927,4.77,True,True,True,True,True,True,True,True,True,True,True,True,True,True,True,True,True,True,True,True,True,True,True,True,
R_1234567890,Reflective,Main,26.61103,69.46695,-37.10985,48.54079,-18.77296,-36.50062,48.07939,-18.55671,-36.57818,48.07761,-18.63361,37.31404,160.1707,278.6946,142.686,-19.82898,98.695,4.562001,151.6877,356.6056,4.562,151.688,-3.394,5.411167,174.1412,3.771541,5.411,174.141,3.772,True,True,True,True,True,True,True,True,True,True,True,True,True,True,True,True,True,True,True,True,True,True,True,True,
R_1234567890,Reflective,Main,26.74092,69.62642,-37.06654,48.43239,-18.88076,-36.5244,48.06306,-18.70077,-36.61409,48.05075,-18.76965,50.24402,170.7335,289.6514,129.756,-9.265991,109.651,3.145371,158.2536,355.3088,3.145,158.254,-4.691,8.450329,181.9528,2.578899,8.450001,-178.047,2.579,True,True,True,True,True,True,True,True,True,True,True,True,True,True,True,True,True,True,True,True,True,True,True,True,
R_1234567890,Reflective,Main,26.86249,69.79519,-36.98767,48.30172,-18.94868,-36.54707,48.03533,-18.84255,-36.64195,48.02678,-18.90549,62.71687,194.6151,314.4577,117.283,14.61499,134.458,1.668646,163.5737,354.7993,1.669,163.574,-5.201,6.002459,186.8829,358.8105,6.002,-173.117,-1.189,True,True,True,True,True,True,True,True,True,True,True,True,True,True,True,True,True,True,True,True,True,True,True,True,
R_1234567890,Reflective,Main,27.00228,70.03118,-36.8912,48.09992,-19.02344,-36.56817,47.99146,-19.02716,-36.6712,47.97394,-19.08199,56.83903,246.8622,10.16538,56.839,-113.138,10.165,358.5805,169.6027,352.9536,-1.419,169.603,-7.046,6.566471,193.4061,356.9243,6.566,-166.594,-3.076,True,True,True,True,True,True,True,True,True,True,True,True,True,True,True,True,True,True,True,True,True,True,True,True,
R_1234567890,Reflective,Main,27.13787,70.23051,-36.82603,47.94536,-19.12913,-36.58576,47.92839,-19.21734,-36.69775,47.91072,-19.26929,45.0521,266.9338,29.08474,45.052,-93.066,29.085,353.1065,175.3779,350.1237,-6.894001,175.378,-9.876,0.1682087,198.2338,350.1707,0.168,-161.766,-9.829,True,True,True,True,True,True,True,True,True,True,True,True,True,True,True,True,True,True,True,True,True,True,True,True,
R_1234567890,Reflective,Main,27.27034,70.4303,-36.77805,47.80207,-19.25941,-36.62806,47.83638,-19.4165,-36.71902,47.81516,-19.44057,36.53428,268.1249,31.15483,36.534,-91.87501,31.155,346.1223,184.2845,341.0464,-13.878,-175.716,-18.954,356.7673,205.7769,339.5865,-3.233,-154.223,-20.414,True,True,True,True,True,True,True,True,True,True,True,True,True,True,True,True,True,True,True,True,True,True,True,True,
R_1234567890,Reflective,Main,27.40689,70.58324,-36.75732,47.6831,-19.35306,-36.65457,47.73997,-19.54611,-36.74643,47.71026,-19.56698,25.16436,267.5418,30.52284,25.164,-92.45801,30.523,345.0405,187.8343,339.1812,-14.959,-172.166,-20.819,358.6437,207.9813,338.0555,-1.356,-152.019,-21.945,True,True,True,True,True,True,True,True,True,True,True,True,True,True,True,True,True,True,True,True,True,True,True,True,
R_1234567890,Reflective,Main,27.52758,70.66354,-36.74586,47.62349,-19.40534,-36.67429,47.68616,-19.61771,-36.76937,47.65299,-19.63387,16.32973,265.0064,26.61239,16.33,-94.994,26.612,342.2698,193.2537,336.3683,-17.73,-166.746,-23.632,359.1684,212.608,336.0331,-0.832,-147.392,-23.967,True,True,True,True,True,True,True,True,True,True,True,True,True,True,True,True,True,True,True,True,True,True,True,True,
R_1234567890,Reflective,Main,27.65179,70.70093,-36.74531,47.60842,-19.43766,-36.69225,47.65118,-19.65827,-36.78823,47.61685,-19.67017,8.542622,255.0932,16.0746,8.543,-104.907,16.075,340.0918,198.466,332.5103,-19.908,-161.534,-27.49,359.4117,215.2002,330.477,-0.588,-144.8,-29.523,True,True,True,True,True,True,True,True,True,True,True,True,True,True,True,True,True,True,True,True,True,True,True,True,
R_1234567890,Reflective,Main,27.76797,70.72466,-36.75777,47.59505,-19.44889,-36.71161,47.6271,-19.66996,-36.80463,47.60409,-19.67606,2.277133,247.8946,10.48678,2.277,-112.105,10.487,340.3934,203.4897,331.2426,-19.607,-156.51,-28.757,352.3177,220.4096,318.0385,-7.682,-139.59,-41.962,True,True,True,True,True,True,True,True,True,True,True,True,True,True,True,True,True,True,True,True,True,True,True,True,
R_1234567890,Reflective,Main,27.89532,70.74451,-36.76032,47.58872,-19.44934,-36.73779,47.60116,-19.66054,-36.78739,47.59561,-19.6687,359.7749,243.7115,6.92119,-0.225,-116.288,6.921,341.6646,213.5361,308.5102,-18.335,-146.464,-51.49,344.4067,214.7363,328.4906,-15.593,-145.264,-31.509,True,True,True,True,True,True,True,True,True,True,True,True,True,True,True,True,True,True,True,True,True,True,True,True,
R_1234567890,Reflective,Main,28.02121,70.75466,-36.75777,47.58464,-19.44241,-36.72663,47.59291,-19.67199,-36.78656,47.59375,-19.6676,355.155,243.9515,4.131574,-4.845,-116.048,4.132,345.4043,212.3671,335.7467,-14.596,-147.633,-24.253,343.5497,211.955,329.6664,-16.45,-148.045,-30.334,True,True,True,True,True,True,True,True,True,True,True,True,True,True,True,True,True,True,True,True,True,True,True,True,
R_1234567890,Reflective,Main,28.13516,70.75912,-36.75842,47.58565,-19.44058,-36.72989,47.59171,-19.67251,-36.78932,47.59314,-19.6668,355.2678,244.0128,4.101405,-4.732,-115.987,4.101,345.5292,213.8792,331.4677,-14.471,-146.121,-28.532,343.6131,212.8235,328.8701,-16.387,-147.176,-31.13,True,True,True,True,True,True,True,True,True,True,True,True,True,True,True,True,True,True,True,True,True,True,True,True,
R_1234567890,Reflective,Main,28.254,70.76351,-36.75805,47.58612,-19.43701,-36.72883,47.59029,-19.67497,-36.78958,47.59282,-19.66724,354.0215,244.0582,3.822778,-5.978,-115.942,3.823,345.5327,213.941,331.2393,-14.467,-146.059,-28.761,343.6168,212.8452,328.8727,-16.383,-147.155,-31.127,True,True,True,True,True,True,True,True,True,True,True,True,True,True,True,True,True,True,True,True,True,True,True,True,
R_1234567890,Reflective,Main,28.38206,70.77399,-36.75629,47.58215,-19.43855,-36.7274,47.58891,-19.67841,-36.78994,47.59342,-19.66716,352.3981,242.6783,2.424035,-7.602,-117.322,2.424,345.5136,213.9582,331.1659,-14.486,-146.042,-28.834,343.5834,212.8468,328.8542,-16.417,-147.153,-31.146,True,True,True,True,True,True,True,True,True,True,True,True,True,True,True,True,True,True,True,True,True,True,True,True,
R_1234567890,Reflective,Main,28.50105,70.77711,-36.75614,47.58266,-19.43903,-36.72623,47.58697,-19.68122,-36.79109,47.59381,-19.66481,352.5153,243.1516,2.755535,-7.485,-116.848,2.756,345.5068,213.961,331.1447,-14.493,-146.039,-28.855,343.5404,212.8619,328.8988,-16.46,-147.138,-31.101,True,True,True,True,True,True,True,True,True,True,True,True,True,True,True,True,True,True,True,True,True,True,True,True,
R_1234567890,Reflective,Main,28.6174,70.78042,-36.75588,47.58219,-19.43806,-36.72482,47.58531,-19.68464,-36.78982,47.59293,-19.66708,352.5144,243.1241,2.79499,-7.486001,-116.876,2.795,345.4908,213.9615,331.1457,-14.509,-146.038,-28.854,343.5601,212.8417,329.0081,-16.44,-147.158,-30.992,True,True,True,True,True,True,True,True,True,True,True,True,True,True,True,True,True,True,True,True,True,True,True,True,
R_1234567890,Reflective,Main,28.73905,70.78361,-36.75467,47.5824,-19.43925,-36.72274,47.58374,-19.68895,-36.79004,47.59355,-19.66704,352.4793,243.0977,2.848341,-7.521,-116.902,2.848,345.4864,213.9593,331.162,-14.514,-146.041,-28.838,343.5575,212.8421,329.0226,-16.442,-147.158,-30.977,True,True,True,True,True,True,True,True,True,True,True,True,True,True,True,True,True,True,True,True,True,True,True,True,
R_1234567890,Reflective,Main,28.86777,70.78499,-36.75482,47.58297,-19.43855,-36.72118,47.58155,-19.69223,-36.79002,47.59302,-19.66652,352.46,243.0859,2.844322,-7.54,-116.914,2.844,345.4702,213.9744,331.1488,-14.53,-146.026,-28.851,343.5347,212.8435,329.063,-16.465,-147.156,-30.937,True,True,True,True,True,True,True,True,True,True,True,True,True,True,True,True,True,True,True,True,True,True,True,True,
R_1234567890,Reflective,Main,28.98343,70.78664,-36.75502,47.58368,-19.43731,-36.71927,47.57945,-19.69638,-36.78958,47.59232,-19.66796,352.4297,243.0723,2.838625,-7.57,-116.928,2.839,345.4654,213.9695,331.1375,-14.535,-146.03,-28.863,343.5718,212.8377,329.1129,-16.428,-147.162,-30.887,True,True,True,True,True,True,True,True,True,True,True,True,True,True,True,True,True,True,True,True,True,True,True,True,
R_1234567890,Reflective,Main,29.10186,70.79036,-36.75404,47.58331,-19.43875,-36.71717,47.5772,-19.70172,-36.79118,47.5942,-19.66554,352.3964,243.0582,2.875852,-7.604001,-116.942,2.876,345.4825,213.9781,331.1435,-14.517,-146.022,-28.857,343.5385,212.8603,329.0789,-16.461,-147.14,-30.921,True,True,True,True,True,True,True,True,True,True,True,True,True,True,True,True,True,True,True,True,True,True,True,True,
R_1234567890,Reflective,Main,29.21885,70.79174,-36.75385,47.58267,-19.4388,-36.71572,47.57521,-19.70524,-36.79057,47.59296,-19.66652,352.3952,243.0379,2.880119,-7.605,-116.962,2.88,345.4749,213.9842,331.127,-14.525,-146.016,-28.873,343.5532,212.8526,329.1575,-16.447,-147.147,-30.843,True,True,True,True,True,True,True,True,True,True,True,True,True,True,True,True,True,True,True,True,True,True,True,True,
