userName,cohort,trial,PossibleNavigations,ExperimentPhase,UserSelectedNavMethod,TaskNumber,ActiveTask,CurrentLeverValue,CurrentTargetLeverNumber,LeverDifference,DistanceToCurrentIndicatorCube,ProximityToCurrentIndicatorCube,CurrentTargetCubeIndicator.x,CurrentTargetCubeIndicator.y,CurrentTargetCubeIndicator.z,elapsedTime,TotalDistanceTraveled,headset x,headset y,headset z,Controller (left) x,Controller (left) y,Controller (left) z,Controller (right) x,Controller (right) y,Controller (right) z,TeleportPositionStep.x,TeleportPositionStep.y,TeleportPositionStep.z
R_1234567890,Control,Trial2,Walk,Tutorial,Walk,0,Task0,0.5036428,0.2,0.3036428,13.38975,Far,-28.661,44.641,-5.3419,0.02,0,-35.4636,43.54642,-16.82284,-35.16,43.152,-14.71,-35.16,43.152,-14.71,0,0,0
R_1234567890,Control,Trial2,Walk,Tutorial,Walk,0,Task0,0.5036428,0.2,0.3036428,12.08953,Far,-28.661,44.641,-5.3419,0.4738779,0.2081718,-35.03952,43.89983,-15.58503,-35.16,42.94383,-14.71,-35.16,42.94383,-14.71,0,0,0
R_1234567890,Control,Trial2,Walk,Tutorial,Walk,0,Task0,0.5036428,0.2,0.3036428,12.09155,Far,-28.661,44.641,-5.3419,0.6032363,0.4135551,-35.14212,44.0532,-15.53284,-35.16,43.14921,-14.71,-35.16,43.14921,-14.71,0,0,0
R_1234567890,Control,Trial2,Walk,Tutorial,Walk,0,Task0,0.5036428,0.2,0.3036428,12.09,Far,-28.661,44.641,-5.3419,0.7396561,0.4135551,-35.13975,44.05266,-15.53247,-35.16,43.14921,-14.71,-35.16,43.14921,-14.71,0,0,0
R_1234567890,Control,Trial2,Walk,Tutorial,Walk,0,Task0,0.5036428,0.2,0.3036428,12.09504,Far,-28.661,44.641,-5.3419,0.8860418,0.4135551,-35.13799,44.05201,-15.53954,-35.16,43.14921,-14.71,-35.16,43.14921,-14.71,0,0,0
R_1234567890,Control,Trial2,Walk,Tutorial,Walk,0,Task0,0.5036428,0.2,0.3036428,12.09534,Far,-28.661,44.641,-5.3419,1.026387,0.4135551,-35.12898,44.04853,-15.5454,-35.16,43.14921,-14.71,-35.16,43.14921,-14.71,0,0,0
R_1234567890,Control,Trial2,Walk,Tutorial,Walk,0,Task0,0.5036428,0.2,0.3036428,12.08985,Far,-28.661,44.641,-5.3419,1.181238,0.4135551,-35.11179,44.04305,-15.54945,-35.16,43.14921,-14.71,-35.16,43.14921,-14.71,0,0,0
R_1234567890,Control,Trial2,Walk,Tutorial,Walk,0,Task0,0.5036428,0.2,0.3036428,12.08329,Far,-28.661,44.641,-5.3419,1.357376,0.4135551,-35.09791,44.03615,-15.55005,-35.16,43.14921,-14.71,-35.16,43.14921,-14.71,0,0,0
R_1234567890,Control,Trial2,Walk,Tutorial,Walk,0,Task0,0.5036428,0.2,0.3036428,12.08623,Far,-28.661,44.641,-5.3419,1.538929,0.4135551,-35.10802,44.03703,-15.5472,-35.16,43.14921,-14.71,-35.16,43.14921,-14.71,0,0,0
R_1234567890,Control,Trial2,Walk,Tutorial,Walk,0,Task0,0.5036428,0.2,0.3036428,12.11344,Far,-28.661,44.641,-5.3419,1.725102,0.4135551,-35.14241,44.03946,-15.55781,-35.16,43.14921,-14.71,-35.16,43.14921,-14.71,0,0,0
R_1234567890,Control,Trial2,Walk,Tutorial,Walk,0,Task0,0.5036428,0.2,0.3036428,12.14309,Far,-28.661,44.641,-5.3419,1.892385,0.4135551,-35.17951,44.04044,-15.56946,-35.16,43.14921,-14.71,-35.16,43.14921,-14.71,0,0,0
R_1234567890,Control,Trial2,Walk,Tutorial,Walk,0,Task0,0.5036428,0.2,0.3036428,12.17775,Far,-28.661,44.641,-5.3419,2.055828,0.4135551,-35.211,44.04012,-15.59051,-35.16,43.14921,-14.71,-35.16,43.14921,-14.71,0,0,0
R_1234567890,Control,Trial2,Walk,Tutorial,Walk,0,Task0,0.5036428,0.2,0.3036428,12.21421,Far,-28.661,44.641,-5.3419,2.197833,0.4135551,-35.23061,44.04284,-15.62147,-35.16,43.14921,-14.71,-35.16,43.14921,-14.71,0,0,0
R_1234567890,Control,Trial2,Walk,Tutorial,Walk,0,Task0,0.5036428,0.2,0.3036428,12.26763,Far,-28.661,44.641,-5.3419,2.360164,0.4135551,-35.22633,44.04996,-15.68801,-35.16,43.14921,-14.71,-35.16,43.14921,-14.71,0,0,0
R_1234567890,Control,Trial2,Walk,Tutorial,Walk,0,Task0,0.5036428,0.2,0.3036428,12.3149,Far,-28.661,44.641,-5.3419,2.532194,0.4135551,-35.21921,44.05361,-15.74871,-35.16,43.14921,-14.71,-35.16,43.14921,-14.71,0,0,0
R_1234567890,Control,Trial2,Walk,Tutorial,Walk,0,Task0,0.5036428,0.2,0.3036428,12.34718,Far,-28.661,44.641,-5.3419,2.723603,0.4135551,-35.2198,44.05215,-15.78644,-35.16,43.14921,-14.71,-35.16,43.14921,-14.71,0,0,0
R_1234567890,Control,Trial2,Walk,Tutorial,Walk,0,Task0,0.5036428,0.2,0.3036428,12.29951,Far,-28.661,44.641,-5.3419,2.863303,0.4954605,-35.22935,44.0485,-15.72378,-35.16,43.14921,-14.62809,-35.16,43.14921,-14.62809,0,0,0
R_1234567890,Control,Trial2,Walk,Tutorial,Walk,0,Task0,0.5036428,0.2,0.3036428,12.32936,Far,-28.661,44.641,-5.3419,3.065405,0.4954605,-35.25195,44.04298,-15.74454,-35.16,43.14921,-14.62809,-35.16,43.14921,-14.62809,0,0,0
R_1234567890,Control,Trial2,Walk,Tutorial,Walk,0,Task0,0.5036428,0.2,0.3036428,12.34961,Far,-28.661,44.641,-5.3419,3.223868,0.4954605,-35.25353,44.03922,-15.76732,-35.16,43.14921,-14.62809,-35.16,43.14921,-14.62809,0,0,0
R_1234567890,Control,Trial2,Walk,Tutorial,Walk,0,Task0,0.5036428,0.2,0.3036428,12.36311,Far,-28.661,44.641,-5.3419,3.387809,0.4954605,-35.24517,44.03953,-15.7886,-35.16,43.14921,-14.62809,-35.16,43.14921,-14.62809,0,0,0
R_1234567890,Control,Trial2,Walk,Tutorial,Walk,0,Task0,0.5036428,0.2,0.3036428,12.30946,Far,-28.661,44.641,-5.3419,3.527498,0.5798454,-35.24634,44.03788,-15.72421,-35.16,43.14921,-14.54371,-35.16,43.14921,-14.54371,0,0,0
R_1234567890,Control,Trial2,Walk,Tutorial,Walk,0,Task0,0.5036428,0.2,0.3036428,12.31302,Far,-28.661,44.641,-5.3419,3.690882,0.5798454,-35.23631,44.03692,-15.73473,-35.16,43.14921,-14.54371,-35.16,43.14921,-14.54371,0,0,0
R_1234567890,Control,Trial2,Walk,Tutorial,Walk,0,Task0,0.5036428,0.2,0.3036428,12.31482,Far,-28.661,44.641,-5.3419,3.842479,0.5798454,-35.2306,44.03889,-15.74059,-35.16,43.14921,-14.54371,-35.16,43.14921,-14.54371,0,0,0
R_1234567890,Control,Trial2,Walk,Tutorial,Walk,0,Task0,0.5036428,0.2,0.3036428,12.32217,Far,-28.661,44.641,-5.3419,4.023328,0.5798454,-35.23203,44.03859,-15.74837,-35.16,43.14921,-14.54371,-35.16,43.14921,-14.54371,0,0,0
R_1234567890,Control,Trial2,Walk,Tutorial,Walk,0,Task0,0.5036428,0.2,0.3036428,12.32524,Far,-28.661,44.641,-5.3419,4.197721,0.5798454,-35.24784,44.03918,-15.74204,-35.16,43.14921,-14.54371,-35.16,43.14921,-14.54371,0,0,0
R_1234567890,Control,Trial2,Walk,Tutorial,Walk,0,Task0,0.5036428,0.2,0.3036428,12.33081,Far,-28.661,44.641,-5.3419,4.329656,0.5798454,-35.26331,44.04737,-15.7393,-35.16,43.14921,-14.54371,-35.16,43.14921,-14.54371,0,0,0
R_1234567890,Control,Trial2,Walk,Tutorial,Walk,0,Task0,0.5036428,0.2,0.3036428,12.34152,Far,-28.661,44.641,-5.3419,4.472676,0.5798454,-35.27056,44.03791,-15.74685,-35.16,43.14921,-14.54371,-35.16,43.14921,-14.54371,0,0,0
R_1234567890,Control,Trial2,Walk,Tutorial,Walk,0,Task0,0.5036428,0.2,0.3036428,12.3522,Far,-28.661,44.641,-5.3419,4.602984,0.5798454,-35.26848,44.03814,-15.76085,-35.16,43.14921,-14.54371,-35.16,43.14921,-14.54371,0,0,0
R_1234567890,Control,Trial2,Walk,Tutorial,Walk,0,Task0,0.5036428,0.2,0.3036428,12.35338,Far,-28.661,44.641,-5.3419,4.759838,0.5798454,-35.24948,44.04063,-15.77442,-35.16,43.14921,-14.54371,-35.16,43.14921,-14.54371,0,0,0
R_1234567890,Control,Trial2,Walk,Tutorial,Walk,0,Task0,0.5036428,0.2,0.3036428,12.3481,Far,-28.661,44.641,-5.3419,4.893541,0.5798454,-35.2308,44.0419,-15.78003,-35.16,43.14921,-14.54371,-35.16,43.14921,-14.54371,0,0,0
R_1234567890,Control,Trial2,Walk,Tutorial,Walk,0,Task0,0.5036428,0.2,0.3036428,12.33813,Far,-28.661,44.641,-5.3419,5.039996,0.5798454,-35.20612,44.03985,-15.78361,-35.16,43.14921,-14.54371,-35.16,43.14921,-14.54371,0,0,0
R_1234567890,Control,Trial2,Walk,Tutorial,Walk,0,Task0,0.5036428,0.2,0.3036428,12.26583,Far,-28.661,44.641,-5.3419,5.202267,0.6608648,-35.17582,44.03927,-15.71714,-35.16,43.14921,-14.46269,-35.16,43.14921,-14.46269,0,0,0
R_1234567890,Control,Trial2,Walk,Tutorial,Walk,0,Task0,0.5036428,0.2,0.3036428,12.27694,Far,-28.661,44.641,-5.3419,5.344951,0.6608648,-35.16208,44.04025,-15.73893,-35.16,43.14921,-14.46269,-35.16,43.14921,-14.46269,0,0,0
R_1234567890,Control,Trial2,Walk,Tutorial,Walk,0,Task0,0.5036428,0.2,0.3036428,12.29541,Far,-28.661,44.641,-5.3419,5.521974,0.6608648,-35.15463,44.03674,-15.76517,-35.16,43.14921,-14.46269,-35.16,43.14921,-14.46269,0,0,0
R_1234567890,Control,Trial2,Walk,Tutorial,Walk,0,Task0,0.5036428,0.2,0.3036428,12.30427,Far,-28.661,44.641,-5.3419,5.670906,0.6608648,-35.16463,44.03264,-15.76916,-35.16,43.14921,-14.46269,-35.16,43.14921,-14.46269,0,0,0
R_1234567890,Control,Trial2,Walk,Tutorial,Walk,0,Task0,0.5036428,0.2,0.3036428,12.27994,Far,-28.661,44.641,-5.3419,5.850533,0.6608648,-35.18511,44.03401,-15.72768,-35.16,43.14921,-14.46269,-35.16,43.14921,-14.46269,0,0,0
R_1234567890,Control,Trial2,Walk,Tutorial,Walk,0,Task0,0.5036428,0.2,0.3036428,12.26714,Far,-28.661,44.641,-5.3419,6.032619,0.6608648,-35.19888,44.03649,-15.70402,-35.16,43.14921,-14.46269,-35.16,43.14921,-14.46269,0,0,0
R_1234567890,Control,Trial2,Walk,Tutorial,Walk,0,Task0,0.5036428,0.2,0.3036428,12.26598,Far,-28.661,44.641,-5.3419,6.211805,0.6608648,-35.20766,44.03547,-15.69703,-35.16,43.14921,-14.46269,-35.16,43.14921,-14.46269,0,0,0
R_1234567890,Control,Trial2,Walk,Tutorial,Walk,0,Task0,0.5036428,0.2,0.3036428,12.28032,Far,-28.661,44.641,-5.3419,6.389512,0.6608648,-35.2081,44.03355,-15.71363,-35.16,43.14921,-14.46269,-35.16,43.14921,-14.46269,0,0,0
R_1234567890,Control,Trial2,Walk,Tutorial,Walk,0,Task0,0.5036428,0.2,0.3036428,12.30152,Far,-28.661,44.641,-5.3419,6.572967,0.6608648,-35.21462,44.03264,-15.73456,-35.16,43.14921,-14.46269,-35.16,43.14921,-14.46269,0,0,0
R_1234567890,Control,Trial2,Walk,Tutorial,Walk,0,Task0,0.5036428,0.2,0.3036428,12.30919,Far,-28.661,44.641,-5.3419,6.738379,0.6608648,-35.23161,44.03025,-15.73278,-35.16,43.14921,-14.46269,-35.16,43.14921,-14.46269,0,0,0
R_1234567890,Control,Trial2,Walk,Tutorial,Walk,0,Task0,0.5036428,0.2,0.3036428,12.29507,Far,-28.661,44.641,-5.3419,6.904092,0.6608648,-35.24451,44.02974,-15.70783,-35.16,43.14921,-14.46269,-35.16,43.14921,-14.46269,0,0,0
R_1234567890,Control,Trial2,Walk,Tutorial,Walk,0,Task0,0.5036428,0.2,0.3036428,12.27019,Far,-28.661,44.641,-5.3419,7.070513,0.6608648,-35.25064,44.02973,-15.67439,-35.16,43.14921,-14.46269,-35.16,43.14921,-14.46269,0,0,0
R_1234567890,Control,Trial2,Walk,Tutorial,Walk,0,Task0,0.5036428,0.2,0.3036428,12.2351,Far,-28.661,44.641,-5.3419,7.230969,0.6608648,-35.24619,44.03226,-15.6357,-35.16,43.14921,-14.46269,-35.16,43.14921,-14.46269,0,0,0
R_1234567890,Control,Trial2,Walk,Tutorial,Walk,0,Task0,0.5036428,0.2,0.3036428,12.21221,Far,-28.661,44.641,-5.3419,7.3648,0.6608648,-35.24291,44.03356,-15.61066,-35.16,43.14921,-14.46269,-35.16,43.14921,-14.46269,0,0,0
R_1234567890,Control,Trial2,Walk,Tutorial,Walk,0,Task0,0.5036428,0.2,0.3036428,12.20148,Far,-28.661,44.641,-5.3419,7.509799,0.6608648,-35.24243,44.03297,-15.59817,-35.16,43.14921,-14.46269,-35.16,43.14921,-14.46269,0,0,0
R_1234567890,Control,Trial2,Walk,Tutorial,Walk,0,Task0,0.5036428,0.2,0.3036428,12.19611,Far,-28.661,44.641,-5.3419,7.669456,0.6608648,-35.24406,44.03369,-15.59079,-35.16,43.14921,-14.46269,-35.16,43.14921,-14.46269,0,0,0
R_1234567890,Control,Trial2,Walk,Tutorial,Walk,0,Task0,0.5036428,0.2,0.3036428,12.19592,Far,-28.661,44.641,-5.3419,7.802486,0.6608648,-35.24804,44.03329,-15.58798,-35.16,43.14921,-14.46269,-35.16,43.14921,-14.46269,0,0,0
R_1234567890,Control,Trial2,Walk,Tutorial,Walk,0,Task0,0.5036428,0.2,0.3036428,12.1972,Far,-28.661,44.641,-5.3419,7.973795,0.6608648,-35.25505,44.03337,-15.58499,-35.16,43.14921,-14.46269,-35.16,43.14921,-14.46269,0,0,0
R_1234567890,Control,Trial2,Walk,Tutorial,Walk,0,Task0,0.5036428,0.2,0.3036428,12.20839,Far,-28.661,44.641,-5.3419,8.15666,0.6608648,-35.26286,44.03396,-15.59333,-35.16,43.14921,-14.46269,-35.16,43.14921,-14.46269,0,0,0
R_1234567890,Control,Trial2,Walk,Tutorial,Walk,0,Task0,0.5036428,0.2,0.3036428,12.23231,Far,-28.661,44.641,-5.3419,8.327561,0.6608648,-35.25359,44.03425,-15.62776,-35.16,43.14921,-14.46269,-35.16,43.14921,-14.46269,0,0,0
R_1234567890,Control,Trial2,Walk,Tutorial,Walk,0,Task0,0.5036428,0.2,0.3036428,12.25217,Far,-28.661,44.641,-5.3419,8.486127,0.6608648,-35.23436,44.03596,-15.66376,-35.16,43.14921,-14.46269,-35.16,43.14921,-14.46269,0,0,0
R_1234567890,Control,Trial2,Walk,Tutorial,Walk,0,Task0,0.5036428,0.2,0.3036428,12.27225,Far,-28.661,44.641,-5.3419,8.663836,0.6608648,-35.21235,44.03624,-15.70154,-35.16,43.14921,-14.46269,-35.16,43.14921,-14.46269,0,0,0
R_1234567890,Control,Trial2,Walk,Tutorial,Walk,0,Task0,0.5036428,0.2,0.3036428,12.2819,Far,-28.661,44.641,-5.3419,8.833095,0.6608648,-35.19921,44.03645,-15.72128,-35.16,43.14921,-14.46269,-35.16,43.14921,-14.46269,0,0,0
R_1234567890,Control,Trial2,Walk,Tutorial,Walk,0,Task0,0.5036428,0.2,0.3036428,12.28808,Far,-28.661,44.641,-5.3419,8.96803,0.6608648,-35.20114,44.03619,-15.72736,-35.16,43.14921,-14.46269,-35.16,43.14921,-14.46269,0,0,0
R_1234567890,Control,Trial2,Walk,Tutorial,Walk,0,Task0,0.5036428,0.2,0.3036428,12.29266,Far,-28.661,44.641,-5.3419,9.105339,0.6608648,-35.2072,44.03701,-15.72901,-35.16,43.14921,-14.46269,-35.16,43.14921,-14.46269,0,0,0
R_1234567890,Control,Trial2,Walk,Tutorial,Walk,0,Task0,0.5036428,0.2,0.3036428,12.2938,Far,-28.661,44.641,-5.3419,9.247142,0.6608648,-35.21096,44.0362,-15.72793,-35.16,43.14921,-14.46269,-35.16,43.14921,-14.46269,0,0,0
R_1234567890,Control,Trial2,Walk,Tutorial,Walk,0,Task0,0.5036428,0.2,0.3036428,12.29152,Far,-28.661,44.641,-5.3419,9.400982,0.6608648,-35.21278,44.03695,-15.72413,-35.16,43.14921,-14.46269,-35.16,43.14921,-14.46269,0,0,0
R_1234567890,Control,Trial2,Walk,Tutorial,Walk,0,Task0,0.5036428,0.2,0.3036428,12.28539,Far,-28.661,44.641,-5.3419,9.572314,0.6608648,-35.21941,44.03626,-15.71265,-35.16,43.14921,-14.46269,-35.16,43.14921,-14.46269,0,0,0
R_1234567890,Control,Trial2,Walk,Tutorial,Walk,0,Task0,0.5036428,0.2,0.3036428,12.27259,Far,-28.661,44.641,-5.3419,9.749764,0.6608648,-35.23199,44.04099,-15.68977,-35.16,43.14921,-14.46269,-35.16,43.14921,-14.46269,0,0,0
R_1234567890,Control,Trial2,Walk,Tutorial,Walk,0,Task0,0.5036428,0.2,0.3036428,12.26377,Far,-28.661,44.641,-5.3419,9.913817,0.6608648,-35.24654,44.03844,-15.66991,-35.16,43.14921,-14.46269,-35.16,43.14921,-14.46269,0,0,0
R_1234567890,Control,Trial2,Walk,Tutorial,Walk,0,Task0,0.5036428,0.2,0.3036428,12.27292,Far,-28.661,44.641,-5.3419,10.07343,0.6608648,-35.26595,44.03806,-15.66836,-35.16,43.14921,-14.46269,-35.16,43.14921,-14.46269,0,0,0
R_1234567890,Control,Trial2,Walk,Tutorial,Walk,0,Task0,0.5036428,0.2,0.3036428,12.28753,Far,-28.661,44.641,-5.3419,10.20544,0.6608648,-35.27419,44.03635,-15.68035,-35.16,43.14921,-14.46269,-35.16,43.14921,-14.46269,0,0,0
R_1234567890,Control,Trial2,Walk,Tutorial,Walk,0,Task0,0.5036428,0.2,0.3036428,12.30661,Far,-28.661,44.641,-5.3419,10.37298,0.6608648,-35.27732,44.03488,-15.70093,-35.16,43.14921,-14.46269,-35.16,43.14921,-14.46269,0,0,0
R_1234567890,Control,Trial2,Walk,Tutorial,Walk,0,Task0,0.5036428,0.2,0.3036428,12.31596,Far,-28.661,44.641,-5.3419,10.53344,0.6608648,-35.2751,44.03455,-15.71344,-35.16,43.14921,-14.46269,-35.16,43.14921,-14.46269,0,0,0
R_1234567890,Control,Trial2,Walk,Tutorial,Walk,0,Task0,0.5036428,0.2,0.3036428,12.32174,Far,-28.661,44.641,-5.3419,10.67005,0.6608648,-35.27184,44.03502,-15.72241,-35.16,43.14921,-14.46269,-35.16,43.14921,-14.46269,0,0,0
R_1234567890,Control,Trial2,Walk,Tutorial,Walk,0,Task0,0.5036428,0.2,0.3036428,12.32448,Far,-28.661,44.641,-5.3419,10.81252,0.6608648,-35.26688,44.03426,-15.72877,-35.16,43.14921,-14.46269,-35.16,43.14921,-14.46269,0,0,0
R_1234567890,Control,Trial2,Walk,Tutorial,Walk,0,Task0,0.5036428,0.2,0.3036428,12.32771,Far,-28.661,44.641,-5.3419,10.95151,0.6608648,-35.26256,44.03425,-15.73534,-35.16,43.14921,-14.46269,-35.16,43.14921,-14.46269,0,0,0
R_1234567890,Control,Trial2,Walk,Tutorial,Walk,0,Task0,0.5036428,0.2,0.3036428,12.33148,Far,-28.661,44.641,-5.3419,11.09853,0.6608648,-35.26016,44.03388,-15.74132,-35.16,43.14921,-14.46269,-35.16,43.14921,-14.46269,0,0,0
R_1234567890,Control,Trial2,Walk,Tutorial,Walk,0,Task0,0.5036428,0.2,0.3036428,12.33278,Far,-28.661,44.641,-5.3419,11.24858,0.6608648,-35.25922,44.03431,-15.74348,-35.16,43.14921,-14.46269,-35.16,43.14921,-14.46269,0,0,0
R_1234567890,Control,Trial2,Walk,Tutorial,Walk,0,Task0,0.5036428,0.2,0.3036428,12.32795,Far,-28.661,44.641,-5.3419,11.38983,0.6608648,-35.25343,44.03802,-15.74164,-35.16,43.14921,-14.46269,-35.16,43.14921,-14.46269,0,0,0
R_1234567890,Control,Trial2,Walk,Tutorial,Walk,0,Task0,0.5036428,0.2,0.3036428,12.31917,Far,-28.661,44.641,-5.3419,11.53409,0.6608648,-35.24067,44.04167,-15.73953,-35.16,43.14921,-14.46269,-35.16,43.14921,-14.46269,0,0,0
R_1234567890,Control,Trial2,Walk,Tutorial,Walk,0,Task0,0.5036428,0.2,0.3036428,12.31163,Far,-28.661,44.641,-5.3419,11.69188,0.6608648,-35.22279,44.04547,-15.74212,-35.16,43.14921,-14.46269,-35.16,43.14921,-14.46269,0,0,0
R_1234567890,Control,Trial2,Walk,Tutorial,Walk,0,Task0,0.5036428,0.2,0.3036428,12.30207,Far,-28.661,44.641,-5.3419,11.84488,0.6608648,-35.20952,44.04426,-15.7391,-35.16,43.14921,-14.46269,-35.16,43.14921,-14.46269,0,0,0
R_1234567890,Control,Trial2,Walk,Tutorial,Walk,0,Task0,0.5036428,0.2,0.3036428,12.29291,Far,-28.661,44.641,-5.3419,12.01755,0.6608648,-35.19692,44.04554,-15.73627,-35.16,43.14921,-14.46269,-35.16,43.14921,-14.46269,0,0,0
R_1234567890,Control,Trial2,Walk,Tutorial,Walk,0,Task0,0.5036428,0.2,0.3036428,12.2889,Far,-28.661,44.641,-5.3419,12.16874,0.6608648,-35.18982,44.04293,-15.73584,-35.16,43.14921,-14.46269,-35.16,43.14921,-14.46269,0,0,0
R_1234567890,Control,Trial2,Walk,Tutorial,Walk,0,Task0,0.5036428,0.2,0.3036428,12.28765,Far,-28.661,44.641,-5.3419,12.3199,0.6608648,-35.19238,44.03968,-15.73256,-35.16,43.14921,-14.46269,-35.16,43.14921,-14.46269,0,0,0
R_1234567890,Control,Trial2,Walk,Tutorial,Walk,0,Task0,0.5036428,0.2,0.3036428,12.28605,Far,-28.661,44.641,-5.3419,12.48024,0.6608648,-35.20029,44.03961,-15.72569,-35.16,43.14921,-14.46269,-35.16,43.14921,-14.46269,0,0,0
R_1234567890,Control,Trial2,Walk,Tutorial,Walk,0,Task0,0.5036428,0.2,0.3036428,12.28229,Far,-28.661,44.641,-5.3419,12.64237,0.6608648,-35.20702,44.03806,-15.7169,-35.16,43.14921,-14.46269,-35.16,43.14921,-14.46269,0,0,0
R_1234567890,Control,Trial2,Walk,Tutorial,Walk,0,Task0,0.5036428,0.2,0.3036428,12.2755,Far,-28.661,44.641,-5.3419,12.84291,0.6608648,-35.21212,44.03793,-15.70564,-35.16,43.14921,-14.46269,-35.16,43.14921,-14.46269,0,0,0
R_1234567890,Control,Trial2,Walk,Tutorial,Walk,0,Task0,0.5036428,0.2,0.3036428,12.27033,Far,-28.661,44.641,-5.3419,13.04517,0.6608648,-35.2154,44.0372,-15.69739,-35.16,43.14921,-14.46269,-35.16,43.14921,-14.46269,0,0,0
R_1234567890,Control,Trial2,Walk,Tutorial,Walk,0,Task0,0.5036428,0.2,0.3036428,12.26835,Far,-28.661,44.641,-5.3419,13.17759,0.6608648,-35.2178,44.03698,-15.69352,-35.16,43.14921,-14.46269,-35.16,43.14921,-14.46269,0,0,0
R_1234567890,Control,Trial2,Walk,Tutorial,Walk,0,Task0,0.5036428,0.2,0.3036428,12.26706,Far,-28.661,44.641,-5.3419,13.31371,0.6608648,-35.21828,44.03727,-15.6917,-35.16,43.14921,-14.46269,-35.16,43.14921,-14.46269,0,0,0
R_1234567890,Control,Trial2,Walk,Tutorial,Walk,0,Task0,0.5036428,0.2,0.3036428,12.26693,Far,-28.661,44.641,-5.3419,13.52007,0.6608648,-35.21719,44.03716,-15.69223,-35.16,43.14921,-14.46269,-35.16,43.14921,-14.46269,0,0,0
R_1234567890,Control,Trial2,Walk,Tutorial,Walk,0,Task0,0.5036428,0.2,0.3036428,12.26873,Far,-28.661,44.641,-5.3419,13.69004,0.6608648,-35.21512,44.03674,-15.69565,-35.16,43.14921,-14.46269,-35.16,43.14921,-14.46269,0,0,0
R_1234567890,Control,Trial2,Walk,Tutorial,Walk,0,Task0,0.5036428,0.2,0.3036428,12.2709,Far,-28.661,44.641,-5.3419,13.8728,0.6608648,-35.20624,44.03586,-15.70379,-35.16,43.14921,-14.46269,-35.16,43.14921,-14.46269,0,0,0
R_1234567890,Control,Trial2,Walk,Tutorial,Walk,0,Task0,0.5036428,0.2,0.3036428,12.28062,Far,-28.661,44.641,-5.3419,14.01472,0.6608648,-35.19225,44.03284,-15.72393,-35.16,43.14921,-14.46269,-35.16,43.14921,-14.46269,0,0,0
R_1234567890,Control,Trial2,Walk,Tutorial,Walk,0,Task0,0.5036428,0.2,0.3036428,12.28234,Far,-28.661,44.641,-5.3419,14.15076,0.6608648,-35.19165,44.03049,-15.7262,-35.16,43.14921,-14.46269,-35.16,43.14921,-14.46269,0,0,0
R_1234567890,Control,Trial2,Walk,Tutorial,Walk,0,Task0,0.5036428,0.2,0.3036428,12.27432,Far,-28.661,44.641,-5.3419,14.31607,0.6608648,-35.19999,44.03241,-15.71158,-35.16,43.14921,-14.46269,-35.16,43.14921,-14.46269,0,0,0
R_1234567890,Control,Trial2,Walk,Tutorial,Walk,0,Task0,0.5036428,0.2,0.3036428,12.26949,Far,-28.661,44.641,-5.3419,14.45021,0.6608648,-35.20678,44.03349,-15.70164,-35.16,43.14921,-14.46269,-35.16,43.14921,-14.46269,0,0,0
R_1234567890,Control,Trial2,Walk,Tutorial,Walk,0,Task0,0.5036428,0.2,0.3036428,12.26858,Far,-28.661,44.641,-5.3419,14.59926,0.6608648,-35.20768,44.03287,-15.69995,-35.16,43.14921,-14.46269,-35.16,43.14921,-14.46269,0,0,0
R_1234567890,Control,Trial2,Walk,Tutorial,Walk,0,Task0,0.5036428,0.2,0.3036428,12.26929,Far,-28.661,44.641,-5.3419,14.75294,0.6608648,-35.20477,44.03286,-15.70263,-35.16,43.14921,-14.46269,-35.16,43.14921,-14.46269,0,0,0
R_1234567890,Control,Trial2,Walk,Tutorial,Walk,0,Task0,0.5036428,0.2,0.3036428,12.26907,Far,-28.661,44.641,-5.3419,14.887,0.6608648,-35.2054,44.03247,-15.70195,-35.16,43.14921,-14.46269,-35.16,43.14921,-14.46269,0,0,0
R_1234567890,Control,Trial2,Walk,Tutorial,Walk,0,Task0,0.5036428,0.2,0.3036428,12.26941,Far,-28.661,44.641,-5.3419,15.02223,0.6608648,-35.20604,44.03289,-15.70197,-35.16,43.14921,-14.46269,-35.16,43.14921,-14.46269,0,0,0
R_1234567890,Control,Trial2,Walk,Tutorial,Walk,0,Task0,0.5036428,0.2,0.3036428,12.27006,Far,-28.661,44.641,-5.3419,15.15565,0.6608648,-35.20636,44.03226,-15.7025,-35.16,43.14921,-14.46269,-35.16,43.14921,-14.46269,0,0,0
R_1234567890,Control,Trial2,Walk,Tutorial,Walk,0,Task0,0.5036428,0.2,0.3036428,12.26878,Far,-28.661,44.641,-5.3419,15.32065,0.6608648,-35.20664,44.03258,-15.70083,-35.16,43.14921,-14.46269,-35.16,43.14921,-14.46269,0,0,0
R_1234567890,Control,Trial2,Walk,Tutorial,Walk,0,Task0,0.5036428,0.2,0.3036428,12.26814,Far,-28.661,44.641,-5.3419,15.45757,0.6608648,-35.20624,44.03262,-15.70032,-35.16,43.14921,-14.46269,-35.16,43.14921,-14.46269,0,0,0
R_1234567890,Control,Trial2,Walk,Tutorial,Walk,0,Task0,0.5036428,0.2,0.3036428,12.26819,Far,-28.661,44.641,-5.3419,15.62248,0.6608648,-35.20545,44.03252,-15.70088,-35.16,43.14921,-14.46269,-35.16,43.14921,-14.46269,0,0,0
R_1234567890,Control,Trial2,Walk,Tutorial,Walk,0,Task0,0.5036428,0.2,0.3036428,12.26886,Far,-28.661,44.641,-5.3419,15.80184,0.6608648,-35.20563,44.03261,-15.70157,-35.16,43.14921,-14.46269,-35.16,43.14921,-14.46269,0,0,0
R_1234567890,Control,Trial2,Walk,Tutorial,Walk,0,Task0,0.5036428,0.2,0.3036428,12.26859,Far,-28.661,44.641,-5.3419,15.982,0.6608648,-35.20567,44.03241,-15.7012,-35.16,43.14921,-14.46269,-35.16,43.14921,-14.46269,0,0,0
R_1234567890,Control,Trial2,Walk,Tutorial,Walk,0,Task0,0.5036428,0.2,0.3036428,12.26841,Far,-28.661,44.641,-5.3419,16.16003,0.6608648,-35.20524,44.03254,-15.70127,-35.16,43.14921,-14.46269,-35.16,43.14921,-14.46269,0,0,0
R_1234567890,Control,Trial2,Walk,Tutorial,Walk,0,Task0,0.5036428,0.2,0.3036428,12.26803,Far,-28.661,44.641,-5.3419,16.34188,0.6608648,-35.20489,44.03217,-15.70103,-35.16,43.14921,-14.46269,-35.16,43.14921,-14.46269,0,0,0
R_1234567890,Control,Trial2,Walk,Tutorial,Walk,0,Task0,0.5036428,0.2,0.3036428,12.26841,Far,-28.661,44.641,-5.3419,16.48717,0.6608648,-35.20537,44.03252,-15.70119,-35.16,43.14921,-14.46269,-35.16,43.14921,-14.46269,0,0,0
R_1234567890,Control,Trial2,Walk,Tutorial,Walk,0,Task0,0.5036428,0.2,0.3036428,12.26816,Far,-28.661,44.641,-5.3419,16.62972,0.6608648,-35.20511,44.0321,-15.70103,-35.16,43.14921,-14.46269,-35.16,43.14921,-14.46269,0,0,0
R_1234567890,Control,Trial2,Walk,Tutorial,Walk,0,Task0,0.5036428,0.2,0.3036428,12.26804,Far,-28.661,44.641,-5.3419,16.79026,0.6608648,-35.20494,44.03229,-15.70101,-35.16,43.14921,-14.46269,-35.16,43.14921,-14.46269,0,0,0
R_1234567890,Control,Trial2,Walk,Tutorial,Walk,0,Task0,0.5036428,0.2,0.3036428,12.26769,Far,-28.661,44.641,-5.3419,16.95243,0.6608648,-35.20526,44.03202,-15.70038,-35.16,43.14921,-14.46269,-35.16,43.14921,-14.46269,0,0,0
R_1234567890,Control,Trial2,Walk,Tutorial,Walk,0,Task0,0.5036428,0.2,0.3036428,12.25953,Far,-28.661,44.641,-5.3419,17.12085,0.6608648,-35.21707,44.03182,-15.68322,-35.16,43.14921,-14.46269,-35.16,43.14921,-14.46269,0,0,0
R_1234567890,Control,Trial2,Walk,Tutorial,Walk,0,Task0,0.5036428,0.2,0.3036428,12.25249,Far,-28.661,44.641,-5.3419,17.25695,0.6608648,-35.22726,44.03228,-15.66843,-35.16,43.14921,-14.46269,-35.16,43.14921,-14.46269,0,0,0
R_1234567890,Control,Trial2,Walk,Tutorial,Walk,0,Task0,0.5036428,0.2,0.3036428,12.24873,Far,-28.661,44.641,-5.3419,17.42605,0.6608648,-35.23607,44.03173,-15.65832,-35.16,43.14921,-14.46269,-35.16,43.14921,-14.46269,0,0,0
R_1234567890,Control,Trial2,Walk,Tutorial,Walk,0,Task0,0.5036428,0.2,0.3036428,12.24766,Far,-28.661,44.641,-5.3419,17.59115,0.6608648,-35.23883,44.03002,-15.6552,-35.16,43.14921,-14.46269,-35.16,43.14921,-14.46269,0,0,0
R_1234567890,Control,Trial2,Walk,Tutorial,Walk,0,Task0,0.5036428,0.2,0.3036428,12.24695,Far,-28.661,44.641,-5.3419,17.72334,0.6608648,-35.23947,44.03146,-15.65402,-35.16,43.14921,-14.46269,-35.16,43.14921,-14.46269,0,0,0
R_1234567890,Control,Trial2,Walk,Tutorial,Walk,0,Task0,0.5036428,0.2,0.3036428,12.24561,Far,-28.661,44.641,-5.3419,17.86151,0.6608648,-35.23973,44.03136,-15.65227,-35.16,43.14921,-14.46269,-35.16,43.14921,-14.46269,0,0,0
R_1234567890,Control,Trial2,Walk,Tutorial,Walk,0,Task0,0.5036428,0.2,0.3036428,12.24225,Far,-28.661,44.641,-5.3419,18.0282,0.6608648,-35.24078,44.03122,-15.64759,-35.16,43.14921,-14.46269,-35.16,43.14921,-14.46269,0,0,0
R_1234567890,Control,Trial2,Walk,Tutorial,Walk,0,Task0,0.5036428,0.2,0.3036428,12.23937,Far,-28.661,44.641,-5.3419,18.19033,0.6608648,-35.24227,44.03097,-15.6432,-35.16,43.14921,-14.46269,-35.16,43.14921,-14.46269,0,0,0
R_1234567890,Control,Trial2,Walk,Tutorial,Walk,0,Task0,0.5036428,0.2,0.3036428,12.23482,Far,-28.661,44.641,-5.3419,18.32453,0.6608648,-35.24573,44.03057,-15.63556,-35.16,43.14921,-14.46269,-35.16,43.14921,-14.46269,0,0,0
R_1234567890,Control,Trial2,Walk,Tutorial,Walk,0,Task0,0.5036428,0.2,0.3036428,12.22953,Far,-28.661,44.641,-5.3419,18.46188,0.6608648,-35.24831,44.03045,-15.62762,-35.16,43.14921,-14.46269,-35.16,43.14921,-14.46269,0,0,0
R_1234567890,Control,Trial2,Walk,Tutorial,Walk,0,Task0,0.5036428,0.2,0.3036428,12.22411,Far,-28.661,44.641,-5.3419,18.62674,0.6608648,-35.2487,44.03024,-15.62091,-35.16,43.14921,-14.46269,-35.16,43.14921,-14.46269,0,0,0
R_1234567890,Control,Trial2,Walk,Tutorial,Walk,0,Task0,0.5036428,0.2,0.3036428,12.22088,Far,-28.661,44.641,-5.3419,18.76519,0.6608648,-35.24777,44.03029,-15.61767,-35.16,43.14921,-14.46269,-35.16,43.14921,-14.46269,0,0,0
R_1234567890,Control,Trial2,Walk,Tutorial,Walk,0,Task0,0.5036428,0.2,0.3036428,12.2191,Far,-28.661,44.641,-5.3419,18.93631,0.6608648,-35.24715,44.03041,-15.61596,-35.16,43.14921,-14.46269,-35.16,43.14921,-14.46269,0,0,0
R_1234567890,Control,Trial2,Walk,Tutorial,Walk,0,Task0,0.5036428,0.2,0.3036428,12.22569,Far,-28.661,44.641,-5.3419,19.09729,0.6608648,-35.23941,44.0316,-15.62881,-35.16,43.14921,-14.46269,-35.16,43.14921,-14.46269,0,0,0
R_1234567890,Control,Trial2,Walk,Tutorial,Walk,0,Task0,0.5036428,0.2,0.3036428,12.23715,Far,-28.661,44.641,-5.3419,19.22993,0.6608648,-35.23309,44.03199,-15.6465,-35.16,43.14921,-14.46269,-35.16,43.14921,-14.46269,0,0,0
R_1234567890,Control,Trial2,Walk,Tutorial,Walk,0,Task0,0.5036428,0.2,0.3036428,12.24543,Far,-28.661,44.641,-5.3419,19.40177,0.6608648,-35.23148,44.03096,-15.65729,-35.16,43.14921,-14.46269,-35.16,43.14921,-14.46269,0,0,0
R_1234567890,Control,Trial2,Walk,Tutorial,Walk,0,Task0,0.5036428,0.2,0.3036428,12.24359,Far,-28.661,44.641,-5.3419,19.6052,0.6608648,-35.22992,44.02858,-15.65595,-35.16,43.14921,-14.46269,-35.16,43.14921,-14.46269,0,0,0
R_1234567890,Control,Trial2,Walk,Tutorial,Walk,0,Task0,0.5036428,0.2,0.3036428,12.23654,Far,-28.661,44.641,-5.3419,19.76622,0.6608648,-35.23109,44.03435,-15.64718,-35.16,43.14921,-14.46269,-35.16,43.14921,-14.46269,0,0,0
R_1234567890,Control,Trial2,Walk,Tutorial,Walk,0,Task0,0.5036428,0.2,0.3036428,12.23208,Far,-28.661,44.641,-5.3419,19.89924,0.6608648,-35.23503,44.03267,-15.63927,-35.16,43.14921,-14.46269,-35.16,43.14921,-14.46269,0,0,0
R_1234567890,Control,Trial2,Walk,Tutorial,Walk,0,Task0,0.5036428,0.2,0.3036428,12.22311,Far,-28.661,44.641,-5.3419,20.03525,0.6608648,-35.23599,44.03335,-15.62805,-35.16,43.14921,-14.46269,-35.16,43.14921,-14.46269,0,0,0
R_1234567890,Control,Trial2,Walk,Tutorial,Walk,0,Task0,0.5036428,0.2,0.3036428,12.20756,Far,-28.661,44.641,-5.3419,20.1684,0.6608648,-35.23164,44.03312,-15.61233,-35.16,43.14921,-14.46269,-35.16,43.14921,-14.46269,0,0,0
R_1234567890,Control,Trial2,Walk,Tutorial,Walk,0,Task0,0.5036428,0.2,0.3036428,12.18264,Far,-28.661,44.641,-5.3419,20.30527,0.6608648,-35.22685,44.03139,-15.58567,-35.16,43.14921,-14.46269,-35.16,43.14921,-14.46269,0,0,0
R_1234567890,Control,Trial2,Walk,Tutorial,Walk,0,Task0,0.5036428,0.2,0.3036428,12.1558,Far,-28.661,44.641,-5.3419,20.48631,0.6608648,-35.22275,44.03335,-15.55648,-35.16,43.14921,-14.46269,-35.16,43.14921,-14.46269,0,0,0
R_1234567890,Control,Trial2,Walk,Tutorial,Walk,0,Task0,0.5036428,0.2,0.3036428,12.12858,Far,-28.661,44.641,-5.3419,20.63895,0.6608648,-35.21573,44.03361,-15.52861,-35.16,43.14921,-14.46269,-35.16,43.14921,-14.46269,0,0,0
R_1234567890,Control,Trial2,Walk,Tutorial,Walk,0,Task0,0.5036428,0.2,0.3036428,12.11087,Far,-28.661,44.641,-5.3419,20.77327,0.6608648,-35.212,44.03537,-15.51003,-35.16,43.14921,-14.46269,-35.16,43.14921,-14.46269,0,0,0
R_1234567890,Control,Trial2,Walk,Tutorial,Walk,0,Task0,0.5036428,0.2,0.3036428,12.10192,Far,-28.661,44.641,-5.3419,20.90631,0.6608648,-35.20993,44.03505,-15.50068,-35.16,43.14921,-14.46269,-35.16,43.14921,-14.46269,0,0,0
R_1234567890,Control,Trial2,Walk,Tutorial,Walk,0,Task0,0.5036428,0.2,0.3036428,12.1029,Far,-28.661,44.641,-5.3419,21.04676,0.6608648,-35.21378,44.03174,-15.49916,-35.16,43.14921,-14.46269,-35.16,43.14921,-14.46269,0,0,0
R_1234567890,Control,Trial2,Walk,Tutorial,Walk,0,Task0,0.5036428,0.2,0.3036428,12.11343,Far,-28.661,44.641,-5.3419,21.20772,0.6608648,-35.22073,44.03132,-15.50721,-35.16,43.14921,-14.46269,-35.16,43.14921,-14.46269,0,0,0
R_1234567890,Control,Trial2,Walk,Tutorial,Walk,0,Task0,0.5036428,0.2,0.3036428,12.1172,Far,-28.661,44.641,-5.3419,21.34244,0.6608648,-35.21426,44.04438,-15.51665,-35.16,43.14921,-14.46269,-35.16,43.14921,-14.46269,0,0,0
R_1234567890,Control,Trial2,Walk,Tutorial,Walk,0,Task0,0.5036428,0.2,0.3036428,12.11761,Far,-28.661,44.641,-5.3419,21.47659,0.6608648,-35.17626,44.12715,-15.54601,-35.16,43.14921,-14.46269,-35.16,43.14921,-14.46269,0,0,0
R_1234567890,Control,Trial2,Walk,Tutorial,Walk,0,Task0,0.5036428,0.2,0.3036428,12.1311,Far,-28.661,44.641,-5.3419,21.62261,0.6608648,-35.12562,44.21313,-15.59809,-35.16,43.14921,-14.46269,-35.16,43.14921,-14.46269,0,0,0
R_1234567890,Control,Trial2,Walk,Tutorial,Walk,0,Task0,0.5036428,0.2,0.3036428,12.18006,Far,-28.661,44.641,-5.3419,21.77657,0.6608648,-35.08173,44.26978,-15.68552,-35.16,43.14921,-14.46269,-35.16,43.14921,-14.46269,0,0,0
R_1234567890,Control,Trial2,Walk,Tutorial,Walk,0,Task0,0.5036428,0.2,0.3036428,12.24649,Far,-28.661,44.641,-5.3419,21.91061,0.6608648,-35.09945,44.2761,-15.75294,-35.16,43.14921,-14.46269,-35.16,43.14921,-14.46269,0,0,0
R_1234567890,Control,Trial2,Walk,Tutorial,Walk,0,Task0,0.5036428,0.2,0.3036428,12.23174,Far,-28.661,44.641,-5.3419,22.05164,0.7473249,-35.11637,44.26715,-15.72477,-35.16,43.14921,-14.37623,-35.16,43.14921,-14.37623,0,0,0
R_1234567890,Control,Trial2,Walk,Tutorial,Walk,0,Task0,0.5036428,0.2,0.3036428,12.31069,Far,-28.661,44.641,-5.3419,22.21304,0.7473249,-35.14403,44.25256,-15.80003,-35.16,43.14921,-14.37623,-35.16,43.14921,-14.37623,0,0,0
R_1234567890,Control,Trial2,Walk,Tutorial,Walk,0,Task0,0.5036428,0.2,0.3036428,12.30074,Far,-28.661,44.641,-5.3419,22.38071,0.8373547,-35.18316,44.22375,-15.76282,-35.16,43.14921,-14.2862,-35.16,43.14921,-14.2862,0,0,0
R_1234567890,Control,Trial2,Walk,Tutorial,Walk,0,Task0,0.5036428,0.2,0.3036428,12.26765,Far,-28.661,44.641,-5.3419,22.54412,0.9215097,-35.18202,44.16056,-15.72173,-35.16,43.14921,-14.20205,-35.16,43.14921,-14.20205,0,0,0
R_1234567890,Control,Trial2,Walk,Tutorial,Walk,0,Task0,0.5036428,0.2,0.3036428,12.27675,Far,-28.661,44.641,-5.3419,22.68432,0.9215097,-35.20456,44.11486,-15.71608,-35.16,43.14921,-14.20205,-35.16,43.14921,-14.20205,0,0,0
R_1234567890,Control,Trial2,Walk,Tutorial,Walk,0,Task0,0.5036428,0.2,0.3036428,12.33668,Far,-28.661,44.641,-5.3419,22.81765,0.9215097,-35.24338,44.11194,-15.76236,-35.16,43.14921,-14.20205,-35.16,43.14921,-14.20205,0,0,0
R_1234567890,Control,Trial2,Walk,Tutorial,Walk,0,Task0,0.5036428,0.2,0.3036428,12.35212,Far,-28.661,44.641,-5.3419,22.95131,1.007664,-35.24059,44.10091,-15.78183,-35.16,43.14921,-14.1159,-35.16,43.14921,-14.1159,0,0,0
R_1234567890,Control,Trial2,Walk,Tutorial,Walk,0,Task0,0.5036428,0.2,0.3036428,12.36162,Far,-28.661,44.641,-5.3419,23.09326,1.097435,-35.22722,44.04914,-15.79867,-35.16,43.14921,-14.02612,-35.16,43.14921,-14.02612,0,0,0
R_1234567890,Control,Trial2,Walk,Tutorial,Walk,0,Task0,0.5036428,0.2,0.3036428,12.38967,Far,-28.661,44.641,-5.3419,23.21867,1.186097,-35.27054,44.00644,-15.80207,-35.16,43.14921,-13.93746,-35.16,43.14921,-13.93746,0,0,0
R_1234567890,Control,Trial2,Walk,Tutorial,Walk,0,Task0,0.5036428,0.2,0.3036428,12.3983,Far,-28.661,44.641,-5.3419,23.35299,1.278167,-35.34429,43.94131,-15.76121,-35.16,43.14921,-13.84539,-35.16,43.14921,-13.84539,0,0,0
R_1234567890,Control,Trial2,Walk,Tutorial,Walk,0,Task0,0.5036428,0.2,0.3036428,12.41799,Far,-28.661,44.641,-5.3419,23.49453,1.364765,-35.42088,43.85651,-15.72916,-35.16,43.14921,-13.75879,-35.16,43.14921,-13.75879,0,0,0
R_1234567890,Control,Trial2,Walk,Tutorial,Walk,0,Task0,0.5036428,0.2,0.3036428,12.50245,Far,-28.661,44.641,-5.3419,23.6237,1.364765,-35.46361,43.72804,-15.79189,-35.16,43.14921,-13.75879,-35.16,43.14921,-13.75879,0,0,0
R_1234567890,Control,Trial2,Walk,Tutorial,Walk,0,Task0,0.5036428,0.2,0.3036428,12.48528,Far,-28.661,44.641,-5.3419,23.74334,1.446653,-35.47376,43.6174,-15.75443,-35.16,43.14921,-13.67691,-35.16,43.14921,-13.67691,0,0,0
R_1234567890,Control,Trial2,Walk,Tutorial,Walk,0,Task0,0.5036428,0.2,0.3036428,12.51127,Far,-28.661,44.641,-5.3419,23.87133,1.446653,-35.4787,43.54466,-15.77497,-35.16,43.14921,-13.67691,-35.16,43.14921,-13.67691,0,0,0
R_1234567890,Control,Trial2,Walk,Tutorial,Walk,0,Task0,0.5036428,0.2,0.3036428,12.51097,Far,-28.661,44.641,-5.3419,24.0009,1.446653,-35.48193,43.55836,-15.77393,-35.16,43.14921,-13.67691,-35.16,43.14921,-13.67691,0,0,0
R_1234567890,Control,Trial2,Walk,Tutorial,Walk,0,Task0,0.5036428,0.2,0.3036428,12.5144,Far,-28.661,44.641,-5.3419,24.14007,1.446653,-35.48372,43.55732,-15.77677,-35.16,43.14921,-13.67691,-35.16,43.14921,-13.67691,0,0,0
R_1234567890,Control,Trial2,Walk,Tutorial,Walk,0,Task0,0.5036428,0.2,0.3036428,12.51037,Far,-28.661,44.641,-5.3419,24.26999,1.446653,-35.4826,43.55228,-15.77214,-35.16,43.14921,-13.67691,-35.16,43.14921,-13.67691,0,0,0
R_1234567890,Control,Trial2,Walk,Tutorial,Walk,0,Task0,0.5036428,0.2,0.3036428,12.51077,Far,-28.661,44.641,-5.3419,24.40205,1.446653,-35.48252,43.55169,-15.7726,-35.16,43.14921,-13.67691,-35.16,43.14921,-13.67691,0,0,0
R_1234567890,Control,Trial2,Walk,Tutorial,Walk,0,Task0,0.5036428,0.2,0.3036428,12.51008,Far,-28.661,44.641,-5.3419,24.5228,1.446653,-35.48212,43.55045,-15.77191,-35.16,43.14921,-13.67691,-35.16,43.14921,-13.67691,0,0,0
R_1234567890,Control,Trial2,Walk,Tutorial,Walk,0,Task0,0.5036428,0.2,0.3036428,12.51052,Far,-28.661,44.641,-5.3419,24.64868,1.446653,-35.48224,43.55045,-15.77237,-35.16,43.14921,-13.67691,-35.16,43.14921,-13.67691,0,0,0
R_1234567890,Control,Trial2,Walk,Tutorial,Walk,0,Task0,0.5036428,0.2,0.3036428,12.51093,Far,-28.661,44.641,-5.3419,24.78051,1.446653,-35.48248,43.55004,-15.77266,-35.16,43.14921,-13.67691,-35.16,43.14921,-13.67691,0,0,0
R_1234567890,Control,Trial2,Walk,Tutorial,Walk,0,Task0,0.5036428,0.2,0.3036428,12.51046,Far,-28.661,44.641,-5.3419,24.91742,1.446653,-35.48221,43.54998,-15.77226,-35.16,43.14921,-13.67691,-35.16,43.14921,-13.67691,0,0,0
R_1234567890,Control,Trial2,Walk,Tutorial,Walk,0,Task0,0.5036428,0.2,0.3036428,12.51025,Far,-28.661,44.641,-5.3419,25.05082,1.446653,-35.48204,43.5497,-15.77209,-35.16,43.14921,-13.67691,-35.16,43.14921,-13.67691,0,0,0
R_1234567890,Control,Trial2,Walk,Tutorial,Walk,0,Task0,0.5036428,0.2,0.3036428,12.5105,Far,-28.661,44.641,-5.3419,25.18917,1.446653,-35.48209,43.5494,-15.77232,-35.16,43.14921,-13.67691,-35.16,43.14921,-13.67691,0,0,0
R_1234567890,Control,Trial2,Walk,Tutorial,Walk,0,Task0,0.5036428,0.2,0.3036428,12.51081,Far,-28.661,44.641,-5.3419,25.31869,1.446653,-35.48227,43.5492,-15.77256,-35.16,43.14921,-13.67691,-35.16,43.14921,-13.67691,0,0,0
R_1234567890,Control,Trial2,Walk,Tutorial,Walk,0,Task0,0.5036428,0.2,0.3036428,12.51057,Far,-28.661,44.641,-5.3419,25.44978,1.446653,-35.48181,43.54877,-15.77253,-35.16,43.14921,-13.67691,-35.16,43.14921,-13.67691,0,0,0
R_1234567890,Control,Trial2,Walk,Tutorial,Walk,0,Task0,0.5036428,0.2,0.3036428,12.51059,Far,-28.661,44.641,-5.3419,25.57177,1.446653,-35.48177,43.54883,-15.77258,-35.16,43.14921,-13.67691,-35.16,43.14921,-13.67691,0,0,0
R_1234567890,Control,Trial2,Walk,Tutorial,Walk,0,Task0,0.5036428,0.2,0.3036428,12.51071,Far,-28.661,44.641,-5.3419,25.69242,1.446653,-35.48193,43.54865,-15.7726,-35.16,43.14921,-13.67691,-35.16,43.14921,-13.67691,0,0,0
R_1234567890,Control,Trial2,Walk,Tutorial,Walk,0,Task0,0.5036428,0.2,0.3036428,12.5106,Far,-28.661,44.641,-5.3419,25.82622,1.446653,-35.4817,43.54871,-15.77263,-35.16,43.14921,-13.67691,-35.16,43.14921,-13.67691,0,0,0
R_1234567890,Control,Trial2,Walk,Tutorial,Walk,0,Task0,0.5036428,0.2,0.3036428,12.51042,Far,-28.661,44.641,-5.3419,25.95604,1.446653,-35.48169,43.54858,-15.7724,-35.16,43.14921,-13.67691,-35.16,43.14921,-13.67691,0,0,0
R_1234567890,Control,Trial2,Walk,Tutorial,Walk,0,Task0,0.5036428,0.2,0.3036428,12.51081,Far,-28.661,44.641,-5.3419,26.08981,1.446653,-35.48181,43.54844,-15.77277,-35.16,43.14921,-13.67691,-35.16,43.14921,-13.67691,0,0,0
R_1234567890,Control,Trial2,Walk,Tutorial,Walk,0,Task0,0.5036428,0.2,0.3036428,12.51011,Far,-28.661,44.641,-5.3419,26.22301,1.446653,-35.48191,43.54852,-15.77188,-35.16,43.14921,-13.67691,-35.16,43.14921,-13.67691,0,0,0
R_1234567890,Control,Trial2,Walk,Tutorial,Walk,0,Task0,0.5036428,0.2,0.3036428,12.51034,Far,-28.661,44.641,-5.3419,26.35314,1.446653,-35.48207,43.5486,-15.77206,-35.16,43.14921,-13.67691,-35.16,43.14921,-13.67691,0,0,0
R_1234567890,Control,Trial2,Walk,Tutorial,Walk,0,Task0,0.5036428,0.2,0.3036428,12.51056,Far,-28.661,44.641,-5.3419,26.48577,1.446653,-35.48172,43.5482,-15.77252,-35.16,43.14921,-13.67691,-35.16,43.14921,-13.67691,0,0,0
R_1234567890,Control,Trial2,Walk,Tutorial,Walk,0,Task0,0.5036428,0.2,0.3036428,12.51081,Far,-28.661,44.641,-5.3419,26.60551,1.446653,-35.48184,43.54802,-15.77271,-35.16,43.14921,-13.67691,-35.16,43.14921,-13.67691,0,0,0
R_1234567890,Control,Trial2,Walk,Tutorial,Walk,0,Task0,0.5036428,0.2,0.3036428,12.5106,Far,-28.661,44.641,-5.3419,26.73401,1.446653,-35.48165,43.5477,-15.77256,-35.16,43.14921,-13.67691,-35.16,43.14921,-13.67691,0,0,0
R_1234567890,Control,Trial2,Walk,Tutorial,Walk,0,Task0,0.5036428,0.2,0.3036428,12.51026,Far,-28.661,44.641,-5.3419,26.87758,1.446653,-35.48153,43.54771,-15.77223,-35.16,43.14921,-13.67691,-35.16,43.14921,-13.67691,0,0,0
R_1234567890,Control,Trial2,Walk,Tutorial,Walk,0,Task0,0.5036428,0.2,0.3036428,12.5105,Far,-28.661,44.641,-5.3419,27.00564,1.446653,-35.48173,43.54766,-15.77238,-35.16,43.14921,-13.67691,-35.16,43.14921,-13.67691,0,0,0
R_1234567890,Control,Trial2,Walk,Tutorial,Walk,0,Task0,0.5036428,0.2,0.3036428,12.51025,Far,-28.661,44.641,-5.3419,27.14047,1.446653,-35.48153,43.54747,-15.77219,-35.16,43.14921,-13.67691,-35.16,43.14921,-13.67691,0,0,0
R_1234567890,Control,Trial2,Walk,Tutorial,Walk,0,Task0,0.5036428,0.2,0.3036428,12.51033,Far,-28.661,44.641,-5.3419,27.27831,1.446653,-35.48156,43.54736,-15.77225,-35.16,43.14921,-13.67691,-35.16,43.14921,-13.67691,0,0,0
